,temp,windspeed,casual,dia_sem_encoded,laborables_0,laborables_1,weathersit_encoded,month_encoded
0,14.110847,10.749882,331,4,1,0,2,1
1,14.902598,16.652113,131,3,0,1,2,1
2,8.050924,16.636703,120,1,0,1,3,1
3,8.2,10.739832,108,1,0,1,3,1
4,9.305237,12.5223,82,0,0,1,3,1
5,8.378268,6.0008684,88,1,1,0,3,1
6,8.057402,11.304642,148,2,1,0,2,1
7,6.765,17.875868,68,4,0,1,2,1
8,5.671653,24.25065,54,3,0,1,3,1
9,6.184153,14.958889,41,1,0,1,3,1
10,6.932731,8.182844,43,1,0,1,2,1
11,7.081807,20.410009,25,0,0,1,3,1
12,6.765,20.167,38,1,1,0,3,1
13,6.59567,8.478716,54,2,1,0,3,1
14,9.566653,10.583521,222,4,1,0,2,1
15,9.498347,12.625011,251,3,0,1,3,1
16,7.209153,12.999139,117,1,0,1,2,1
17,8.883347,9.833925,9,1,0,1,2,1
18,11.979134,13.957239,78,0,0,1,2,1
19,10.728347,13.125568,83,1,1,0,2,1
20,7.2775,23.667214,75,2,1,0,3,1
21,2.4243464,11.52199,93,4,0,1,3,1
22,3.9573897,16.5222,150,3,0,1,3,1
23,3.9930433,10.60811,86,1,0,1,3,1
24,9.162598,8.696332,186,1,0,1,2,1
25,8.9175,19.68795,34,0,0,1,1,1
26,7.995,7.627079,15,1,1,0,3,1
27,8.342598,8.2611,38,2,1,0,2,1
28,8.057402,9.739455,123,4,0,1,3,1
29,8.877402,4.9568342,140,3,0,1,3,1
30,7.414153,12.541864,42,1,0,1,2,1
31,7.879134,3.565271,47,1,0,1,2,2
32,10.66,17.708636,72,0,0,1,2,2
33,7.665237,18.609384,61,1,1,0,3,2
34,8.663464,8.565213,88,2,1,0,2,2
35,9.566653,10.792293,100,4,0,1,2,2
36,11.719153,9.5006,354,3,0,1,3,2
37,11.138347,3.0423561,120,1,0,1,3,2
38,9.054153,24.25065,64,1,0,1,3,2
39,5.526103,12.652213,53,0,0,1,2,2
40,5.918268,14.869645,47,1,1,0,3,2
41,7.752731,7.27285,149,2,1,0,3,2
42,9.1225,13.625589,288,4,0,1,3,2
43,12.977402,17.479161,397,3,0,1,3,2
44,17.015,27.999836,208,1,0,1,3,2
45,10.909567,19.522058,140,1,0,1,3,2
46,13.048701,16.869997,218,0,0,1,3,2
47,17.869153,15.416968,259,1,1,0,3,2
48,21.388347,17.749975,579,2,1,0,3,2
49,16.365847,34.000021,532,4,1,0,3,2
50,11.693897,14.956745,639,3,0,1,3,2
51,12.436653,20.625682,195,1,0,1,2,2
52,7.471102,13.110761,74,1,0,1,3,2
53,9.091299,6.305571,139,0,0,1,3,2
54,12.121732,16.783232,100,1,1,0,2,2
55,14.938268,23.218113,120,2,1,0,2,2
56,11.5825,12.500257,424,4,0,1,3,2
57,14.082598,8.391616,694,3,0,1,3,2
58,16.698193,19.408962,81,1,0,1,2,2
59,10.933347,14.500475,137,1,0,1,3,4
60,13.735,20.624811,231,0,0,1,3,4
61,8.131653,15.125518,123,1,1,0,3,4
62,10.728347,13.624182,214,2,1,0,2,4
63,15.750847,16.875357,640,4,0,1,2,4
64,15.437402,23.000229,114,3,0,1,2,4
65,10.731299,22.870584,244,1,0,1,3,4
66,11.9925,8.08355,316,1,0,1,3,4
67,12.129153,14.75005,191,0,0,1,2,4
68,15.952731,17.545759,46,1,1,0,1,4
69,12.977402,15.60899,247,2,1,0,2,4
70,13.495847,14.791925,724,4,0,1,3,4
71,15.758268,18.130468,982,3,0,1,3,4
72,13.333897,9.174042,359,1,0,1,3,4
73,13.013031,12.348703,289,1,0,1,2,4
74,14.973897,13.608839,321,0,0,1,2,4
75,17.015,14.041793,424,1,1,0,3,4
76,22.14,15.478139,884,2,1,0,3,4
77,19.3725,24.667189,1424,4,0,1,3,4
78,13.6325,13.917307,1047,3,0,1,3,4
79,17.647835,19.348461,401,1,0,1,2,4
80,18.108347,15.12525,460,1,0,1,3,4
81,14.225237,15.695487,203,0,0,1,2,4
82,11.685,16.333729,166,1,1,0,2,4
83,10.830847,15.458575,300,2,1,0,3,4
84,10.899153,14.041257,981,4,0,1,3,4
85,10.374763,12.3481,472,3,0,1,2,4
86,10.838268,14.217668,222,1,0,1,3,4
87,12.4025,15.208732,317,1,0,1,3,4
88,12.3,11.583496,168,0,0,1,2,4
89,11.001653,14.582282,179,1,1,0,1,4
90,12.3,17.333436,307,2,1,0,2,5
91,12.915,13.208782,898,4,0,1,2,5
92,15.511653,12.208271,1651,3,0,1,3,5
93,23.506653,25.833257,734,1,1,0,3,5
94,16.980847,26.000489,167,1,0,1,2,5
95,16.024153,17.625221,413,0,0,1,3,5
96,17.9375,10.874904,571,1,1,0,3,5
97,13.769153,15.208464,172,2,1,0,2,5
98,14.0425,8.916561,879,4,0,1,2,5
99,17.493347,9.833389,1188,3,0,1,2,5
100,24.421732,21.739758,855,1,0,1,2,5
101,20.6025,18.416893,257,1,0,1,2,5
102,16.9125,16.791339,209,0,0,1,2,5
103,19.1675,7.4169,529,1,1,0,3,5
104,18.313347,15.167125,642,2,1,0,3,5
105,17.664153,22.834136,121,4,1,0,1,5
106,18.723347,20.334232,1558,3,0,1,3,5
107,21.0125,10.958989,669,1,0,1,3,5
108,20.739153,10.584057,409,1,0,1,2,5
109,24.395,16.208975,613,0,0,1,3,5
110,18.825847,21.792286,745,1,1,0,3,5
111,13.803347,14.707907,177,2,1,0,2,5
112,18.86,15.458575,1462,4,0,1,2,5
113,23.848347,12.875725,1710,3,0,1,2,5
114,24.873347,12.417311,773,1,0,1,3,5
115,25.898347,21.8755,678,1,0,1,3,5
116,25.42,20.9174,547,0,0,1,2,5
117,25.3175,21.500836,569,1,1,0,2,5
118,20.91,16.084221,878,2,1,0,3,5
119,19.3725,15.750025,1965,4,0,1,3,5
120,18.518347,7.125718,1138,3,0,1,2,6
121,22.515847,12.291418,847,1,0,1,2,6
122,25.283347,22.958689,603,1,0,1,2,6
123,16.980847,22.042732,255,0,0,1,2,6
124,18.825847,19.791264,614,1,1,0,3,6
125,19.645847,15.292482,894,2,1,0,3,6
126,21.32,10.75015,1612,4,0,1,3,6
127,21.661653,5.0007125,1401,3,0,1,3,6
128,21.8325,11.792,664,1,0,1,3,6
129,21.8325,7.749957,694,1,0,1,3,6
130,22.2425,8.083014,550,0,0,1,3,6
131,21.935,12.707689,695,1,1,0,3,6
132,21.0125,12.041575,692,2,1,0,2,6
133,21.354153,9.04165,902,4,0,1,2,6
134,23.0625,10.249593,1582,3,0,1,2,6
135,23.6775,8.500357,773,1,0,1,3,6
136,23.028347,18.582718,678,1,0,1,2,6
137,22.55,13.499964,536,0,0,1,2,6
138,21.764153,7.250271,735,1,1,0,2,6
139,22.003347,8.375871,909,2,1,0,3,6
140,24.7025,8.08355,2258,4,0,1,3,6
141,24.770847,9.916536,1576,3,0,1,3,6
142,25.898347,15.667414,836,1,0,1,2,6
143,27.06,13.875164,659,1,0,1,2,6
144,27.094153,10.333611,740,0,0,1,3,6
145,29.041653,13.376014,758,1,1,0,3,6
146,27.948347,16.125493,871,2,1,0,3,6
147,26.889153,15.416164,2001,4,1,0,3,6
148,27.3675,14.333846,2355,3,0,1,3,6
149,30.066653,8.792075,1549,1,0,1,3,6
150,31.775,7.459043,673,1,0,1,3,6
151,31.330847,13.875164,513,0,0,1,2,7
152,29.315,19.583229,736,1,1,0,3,7
153,25.42,16.959107,898,2,1,0,3,7
154,26.035,8.250514,1869,4,0,1,3,7
155,26.581653,9.292364,1685,3,0,1,2,7
156,27.811653,8.167032,673,1,0,1,3,7
157,29.0075,12.583136,763,1,0,1,3,7
158,31.809153,9.166739,676,0,0,1,3,7
159,33.141653,10.042161,563,1,1,0,2,7
160,30.955,9.417118,815,2,1,0,3,7
161,29.725,10.37495,1729,4,0,1,3,7
162,28.3925,10.958989,1467,3,0,1,3,7
163,26.035,20.45845,863,1,0,1,3,7
164,24.770847,18.041961,727,1,0,1,3,7
165,25.693347,11.250104,769,0,0,1,3,7
166,25.761653,13.833557,545,1,1,0,2,7
167,26.615847,9.582943,863,2,1,0,3,7
168,28.563347,8.000336,1807,4,0,1,3,7
169,28.665847,6.834,1639,3,0,1,2,7
170,26.035,10.416825,699,1,0,1,2,7
171,27.914153,11.458675,774,1,0,1,2,7
172,30.066653,11.541554,661,0,0,1,3,7
173,29.861653,15.999868,746,1,1,0,2,7
174,29.690847,14.875675,969,2,1,0,3,7
175,28.495,14.041257,1782,4,0,1,3,7
176,27.88,6.3337311,1920,3,0,1,3,7
177,27.9825,7.208396,854,1,0,1,2,7
178,30.510847,9.666961,732,1,0,1,3,7
179,29.861653,17.542007,848,0,0,1,3,7
180,28.563347,12.415904,1027,1,1,0,3,7
181,29.6225,6.874736,1246,2,1,0,3,7
182,30.271653,7.709154,2204,4,0,1,3,7
183,29.383347,15.333486,2282,3,0,1,2,7
184,29.793347,5.4591064,3065,1,0,1,2,7
185,30.613347,8.459286,1031,1,0,1,3,7
186,29.52,10.042161,784,0,0,1,3,7
187,30.75,10.6664,754,1,1,0,3,7
188,29.075847,15.083643,692,2,1,0,2,7
189,30.066653,11.250104,1988,4,0,1,3,7
190,30.6475,12.292557,1743,3,0,1,3,7
191,31.2625,18.916579,723,1,0,1,3,7
192,32.560847,13.417018,662,1,0,1,3,7
193,30.613347,9.790911,748,0,0,1,3,7
194,27.914153,16.124689,888,1,1,0,3,7
195,27.196653,12.249811,1318,2,1,0,3,7
196,28.153347,13.958914,2418,4,0,1,3,7
197,29.485847,16.417211,2006,3,0,1,3,7
198,30.613347,14.458868,841,1,0,1,3,7
199,31.843347,8.7502,752,1,0,1,3,7
200,31.501653,7.625739,644,0,0,1,3,7
201,33.415,14.875407,632,1,1,0,2,7
202,34.781653,8.9177,562,2,1,0,3,7
203,34.815847,8.791807,987,4,0,1,3,7
204,34.03,11.334457,1050,3,0,1,3,7
205,30.476653,6.0841561,568,1,0,1,3,7
206,31.638347,13.417286,750,1,0,1,3,7
207,31.775,12.292021,755,0,0,1,3,7
208,31.945847,11.958093,606,1,1,0,3,7
209,34.371653,11.667246,670,2,1,0,3,7
210,32.970847,11.291979,1559,4,0,1,3,7
211,33.039153,11.042471,1524,3,0,1,3,7
212,31.638347,10.500039,729,1,0,1,3,7
213,32.116653,13.79195,801,1,0,1,3,7
214,29.998347,9.084061,467,0,0,1,2,7
215,29.11,13.20905,799,1,1,0,2,7
216,29.144153,12.374632,1023,2,1,0,3,7
217,29.383347,15.29275,1521,4,0,1,2,7
218,30.4425,13.499629,1298,3,0,1,3,7
219,31.365,12.875725,846,1,0,1,3,7
220,31.775,10.125107,907,1,0,1,3,7
221,31.433347,13.417286,884,0,0,1,3,7
222,29.4175,11.041332,812,1,1,0,3,7
223,29.041653,8.416607,1051,2,1,0,3,7
224,28.119153,14.167418,1504,4,0,1,2,7
225,27.743347,14.916411,1338,3,0,1,2,7
226,27.299153,13.999918,775,1,0,1,3,7
227,28.734153,15.834043,721,1,0,1,3,7
228,29.656653,9.625689,668,0,0,1,3,7
229,29.178347,15.624936,639,1,1,0,3,7
230,28.085,9.333636,797,2,1,0,2,7
231,28.5975,6.999289,1914,4,0,1,3,7
232,29.144153,16.666518,1249,3,0,1,3,7
233,28.358347,18.54225,833,1,0,1,3,7
234,26.274153,9.833121,1281,1,0,1,3,7
235,27.606653,16.958236,949,0,0,1,3,7
236,28.050847,14.125811,435,1,1,0,2,7
237,28.7,5.6254875,768,2,1,0,3,7
238,27.88,25.166339,226,4,0,1,2,7
239,28.989419,20.412153,1415,3,0,1,3,7
240,26.103347,10.708275,729,1,0,1,3,7
241,26.205847,8.375536,775,1,0,1,3,7
242,26.923347,5.5833311,688,0,0,1,3,7
243,26.855,9.500332,783,1,1,0,3,7
244,26.376653,9.375243,875,2,1,0,2,7
245,27.435847,12.416775,1935,4,1,0,3,7
246,29.075847,13.833289,2521,3,0,1,3,7
247,27.606653,14.250632,1236,1,0,1,2,7
248,22.14,23.044181,204,1,0,1,1,7
249,24.565847,6.5003936,118,0,0,1,1,7
250,25.990433,12.914116,153,1,1,0,1,7
251,26.65,8.333393,417,2,1,0,2,7
252,27.06,10.291736,1750,4,0,1,3,7
253,26.786653,7.708618,1633,3,0,1,3,7
254,26.418268,5.957171,690,1,0,1,3,7
255,26.684153,9.500868,701,1,0,1,3,7
256,27.606653,11.2091,647,0,0,1,3,7
257,23.6775,18.166782,428,1,1,0,2,7
258,19.235847,11.000261,742,2,1,0,2,7
259,20.158347,12.708225,1434,4,0,1,2,7
260,20.8075,11.958361,1353,3,0,1,3,7
261,22.515847,10.166714,691,1,0,1,2,7
262,23.028347,9.041918,438,1,0,1,2,7
263,24.395,6.4590814,539,0,0,1,2,7
264,25.761653,8.584375,555,1,1,0,2,7
265,24.975847,5.2505689,258,2,1,0,2,7
266,24.873347,5.2516811,1776,4,0,1,2,7
267,26.000847,3.3754064,1544,3,0,1,2,7
268,26.615847,7.4169,684,1,0,1,2,7
269,26.103347,7.917457,477,1,0,1,2,7
270,26.035,9.958143,480,0,0,1,2,7
271,25.283347,11.583161,653,1,1,0,3,7
272,23.130847,13.833825,830,2,1,0,3,7
273,16.81,19.583832,480,4,0,1,2,5
274,14.623347,14.874871,616,3,0,1,2,5
275,15.750847,5.5841686,330,1,0,1,2,5
276,19.850847,13.792218,486,1,0,1,3,5
277,22.071653,11.87575,559,0,0,1,3,5
278,20.260847,9.041918,639,1,1,0,3,5
279,20.944153,1.5002439,949,2,1,0,3,5
280,21.388347,3.0420814,2235,4,1,0,3,5
281,22.174153,4.25115,2397,3,0,1,3,5
282,23.404153,2.8343814,1514,1,0,1,3,5
283,23.233347,9.583814,667,1,0,1,2,5
284,22.276653,16.62605,217,0,0,1,1,5
285,24.155847,9.499729,290,1,1,0,2,5
286,22.584153,15.000161,529,2,1,0,2,5
287,20.773347,17.291561,1899,4,0,1,3,5
288,20.978347,18.875039,1748,3,0,1,3,5
289,21.900847,11.750393,713,1,0,1,3,5
290,21.8325,7.375829,637,1,0,1,2,5
291,22.211299,16.303713,254,0,0,1,1,5
292,19.509153,28.292425,471,1,1,0,3,5
293,17.5275,14.833532,676,2,1,0,3,5
294,17.3225,6.2086689,1499,4,0,1,3,5
295,17.288347,6.6673375,1619,3,0,1,3,5
296,18.996653,7.959064,699,1,0,1,3,5
297,19.338347,11.166086,695,1,0,1,3,5
298,19.850847,9.959014,404,0,0,1,2,5
299,19.27,13.250121,240,1,1,0,2,5
300,13.564153,15.375093,456,2,1,0,2,5
301,10.420847,23.541857,57,4,0,1,1,5
302,13.085847,11.833339,885,3,0,1,3,5
303,13.94,7.12545,362,1,0,1,3,5
304,16.434153,9.083257,410,1,0,1,3,4
305,15.4775,5.5001439,370,0,0,1,3,4
306,16.741653,9.166739,318,1,1,0,3,4
307,16.536653,18.209193,470,2,1,0,2,4
308,13.393347,12.667154,1156,4,0,1,3,4
309,14.281653,6.1676314,952,3,0,1,3,4
310,16.195,3.834075,373,1,0,1,3,4
311,16.741653,4.6255125,376,1,0,1,3,4
312,16.4,4.1671186,305,0,0,1,3,4
313,15.58,12.667489,190,1,1,0,2,4
314,13.290847,21.083225,440,2,1,0,3,4
315,14.623347,14.208154,1275,4,1,0,3,4
316,18.074153,18.875307,1004,3,0,1,3,4
317,21.73,20.541932,595,1,0,1,3,4
318,21.73,13.375411,449,1,0,1,2,4
319,18.723347,9.167543,145,0,0,1,1,4
320,14.008347,20.459254,139,1,1,0,2,4
321,11.240847,11.291711,245,2,1,0,3,4
322,13.495847,15.041232,943,4,0,1,3,4
323,18.996653,12.45865,787,3,0,1,2,4
324,18.3475,9.249618,220,1,0,1,1,4
325,17.083347,7.959064,69,1,1,0,1,4
326,18.074153,22.500275,112,0,0,1,2,4
327,15.306653,11.209368,560,1,1,0,3,4
328,15.375,6.6260186,1095,2,1,0,3,4
329,15.409153,4.5841936,1249,4,0,1,3,4
330,18.825847,13.999918,810,3,0,1,3,4
331,20.642598,9.522174,253,1,0,1,3,4
332,18.791653,17.292164,96,1,0,1,2,4
333,13.325,18.167586,188,0,0,1,3,4
334,12.8125,14.750586,182,1,1,0,3,3
335,12.880847,6.750518,268,2,1,0,3,3
336,12.265847,6.4174811,706,4,0,1,3,3
337,13.564153,5.6252061,634,3,0,1,3,3
338,15.819153,4.1679561,233,1,0,1,2,3
339,18.9625,15.583061,126,1,0,1,1,3
340,16.81,17.833725,50,0,0,1,1,3
341,10.899153,16.083886,150,1,1,0,3,3
342,11.924153,5.5420189,261,2,1,0,3,3
343,11.275,15.625807,502,4,0,1,3,3
344,9.054153,4.4582939,377,3,0,1,3,3
345,9.771653,4.25115,143,1,0,1,3,3
346,11.5825,9.41685,155,1,0,1,3,3
347,13.0175,4.0842061,178,0,0,1,2,3
348,17.3225,17.958814,181,1,1,0,2,3
349,15.375,17.458525,178,2,1,0,2,3
350,10.591653,16.292189,275,4,0,1,2,3
351,9.771653,11.375193,220,3,0,1,3,3
352,11.343347,11.584032,260,1,0,1,3,3
353,15.819153,4.1252436,216,1,0,1,2,3
354,17.561653,14.8338,107,0,0,1,2,3
355,17.356653,3.167425,227,1,1,0,2,3
356,15.306653,18.374482,163,2,1,0,3,3
357,12.4025,12.750368,155,4,0,1,3,3
358,11.266103,10.391097,303,3,1,0,3,3
359,13.191299,16.044155,430,1,0,1,3,3
360,13.325,12.62615,103,1,0,1,2,3
361,12.26433,19.695387,255,0,0,1,3,3
362,10.181653,8.000604,254,1,1,0,3,3
363,12.778347,9.000579,491,2,1,0,3,3
364,16.81,14.750318,665,4,0,1,3,3
365,15.17,12.875189,686,3,1,0,3,1
366,11.194763,22.087555,244,1,0,1,3,1
367,6.15,24.499957,89,1,0,1,3,1
368,4.4075,12.3749,95,0,0,1,2,1
369,10.899153,8.709129,140,1,1,0,3,1
370,13.700847,11.249836,307,2,1,0,3,1
371,16.126653,11.708786,1070,4,0,1,3,1
372,13.8375,12.833314,599,3,0,1,3,1
373,9.190847,6.6263,106,1,0,1,2,1
374,12.656536,12.565984,173,1,0,1,3,1
375,11.240847,8.791807,92,0,0,1,2,1
376,15.6825,12.124789,269,1,1,0,2,1
377,11.240847,25.333236,174,2,1,0,3,1
378,7.38,12.541261,333,4,0,1,3,1
379,6.833347,16.834286,284,3,0,1,3,1
380,7.79,15.500986,217,1,0,1,3,1
381,15.294763,23.39171,127,1,0,1,2,1
382,12.436653,27.833743,109,0,0,1,3,1
383,7.79,14.750586,130,1,1,0,3,1
384,8.9175,13.58425,115,2,1,0,2,1
385,7.106653,14.917014,67,4,1,0,2,1
386,6.6625,13.375746,196,3,0,1,2,1
387,8.951653,7.417436,145,1,0,1,2,1
388,14.0425,8.292389,439,1,0,1,3,1
389,12.060847,10.791757,467,0,0,1,3,1
390,14.008347,4.9175186,244,1,1,0,2,1
391,17.425,22.958689,269,2,1,0,2,1
392,12.949153,14.125543,775,4,0,1,3,1
393,11.5825,16.08335,558,3,0,1,3,1
394,11.035847,14.458064,126,1,0,1,3,1
395,15.99,17.541739,324,1,0,1,3,1
396,19.235847,12.667489,304,0,0,1,3,2
397,16.365847,12.541529,190,1,1,0,2,2
398,12.846653,11.959232,310,2,1,0,3,2
399,10.830847,8.167032,384,4,0,1,2,2
400,10.899153,11.791732,318,3,0,1,2,2
401,11.586969,10.3046,206,1,0,1,3,2
402,14.520847,9.874393,199,1,0,1,3,2
403,10.523347,8.959307,109,0,0,1,2,2
404,10.865,13.000479,163,1,1,0,3,2
405,11.514153,7.834243,227,2,1,0,2,2
406,9.190847,19.416332,192,4,0,1,1,2
407,5.2275,27.417204,73,3,0,1,3,2
408,9.1225,11.207961,94,1,0,1,3,2
409,13.085847,9.458993,135,1,0,1,2,2
410,14.281653,12.1672,141,0,0,1,3,2
411,12.983347,6.125475,74,1,1,0,2,2
412,14.076653,13.791682,349,2,1,0,3,2
413,14.213347,12.792243,1435,4,1,0,3,2
414,11.48,16.958504,618,3,0,1,2,2
415,11.48,15.348561,502,1,0,1,3,2
416,11.800866,13.783039,163,1,0,1,3,2
417,16.229153,15.709557,394,0,0,1,3,2
418,18.620847,12.791171,516,1,1,0,3,2
419,16.7075,15.916989,246,2,1,0,2,2
420,11.924153,28.250014,317,4,0,1,3,2
421,11.445847,13.750343,515,3,0,1,3,2
422,15.033347,17.958211,253,1,0,1,3,2
423,14.725847,12.958939,229,1,0,1,3,2
424,19.919153,15.208129,325,0,0,1,3,4
425,14.486653,9.708568,246,1,1,0,2,4
426,16.980847,10.792293,956,2,1,0,2,4
427,13.359153,22.416257,710,4,0,1,3,4
428,9.976653,15.333486,203,3,0,1,3,4
429,10.591653,13.458625,221,1,0,1,3,4
430,16.570847,23.167193,432,1,0,1,3,4
431,21.6275,29.584721,486,0,0,1,3,4
432,16.844153,27.7916,447,1,1,0,2,4
433,11.7875,15.12525,968,2,1,0,3,4
434,14.831299,14.913329,1658,4,0,1,3,4
435,19.133347,13.916771,838,3,0,1,3,4
436,23.165,15.87565,762,1,0,1,3,4
437,23.4725,7.709154,997,1,0,1,3,4
438,22.8575,10.042161,1005,0,0,1,3,4
439,17.869153,7.583864,548,1,1,0,2,4
440,21.080847,7.417168,3155,2,1,0,2,4
441,19.3725,8.501161,2207,4,0,1,2,4
442,22.345,10.875239,982,3,0,1,3,4
443,22.994153,8.125157,1051,1,0,1,3,4
444,21.798347,6.0004061,1122,1,0,1,2,4
445,22.720847,7.876654,1334,0,0,1,3,4
446,24.668347,7.7921,2469,1,1,0,2,4
447,20.6025,12.916461,1033,2,1,0,2,4
448,17.9375,14.791925,1532,4,0,1,2,4
449,18.279153,25.917007,795,3,0,1,3,4
450,13.256653,12.541864,531,1,0,1,3,4
451,19.850847,19.541957,674,1,0,1,3,4
452,20.260847,21.41655,834,0,0,1,3,4
453,15.17,9.250489,796,1,1,0,2,4
454,17.390847,16.791339,2301,2,1,0,2,4
455,17.459153,11.541889,2347,4,0,1,2,5
456,17.790433,20.913313,1208,3,0,1,3,5
457,19.133347,6.708911,1348,1,0,1,3,5
458,22.208347,12.125325,1058,1,0,1,3,5
459,17.835,14.708443,1192,0,0,1,3,5
460,16.536653,20.125996,1807,1,1,0,3,5
461,17.9375,18.416357,3252,2,1,0,3,5
462,20.5,15.583932,2230,4,0,1,3,5
463,20.055847,23.999132,905,3,0,1,3,5
464,18.313347,16.708125,819,1,0,1,3,5
465,14.296536,19.783358,482,1,0,1,3,5
466,16.2975,19.458743,663,0,0,1,3,5
467,18.1425,10.416557,1252,1,1,0,3,5
468,20.295,12.791439,2795,2,1,0,3,5
469,24.873347,15.083643,2846,4,0,1,3,5
470,27.230847,19.083543,1198,3,1,0,3,5
471,24.941653,18.333143,989,1,0,1,3,5
472,18.996653,11.250104,347,1,0,1,2,5
473,20.431653,4.4172564,846,0,0,1,3,5
474,21.593347,10.041357,1340,1,1,0,3,5
475,23.37,19.000329,2541,2,1,0,3,5
476,16.263347,23.084582,120,4,0,1,1,5
477,13.188347,20.334232,195,3,0,1,2,5
478,16.946653,16.708661,518,1,0,1,3,5
479,19.543347,7.959064,655,1,0,1,3,5
480,20.431653,11.833875,475,0,0,1,2,5
481,18.7575,23.291411,1014,1,1,0,3,5
482,15.443347,8.708325,1120,2,1,0,2,5
483,18.791653,7.832836,2229,4,0,1,3,5
484,19.030847,11.499746,665,3,0,1,2,5
485,25.146653,10.458432,653,1,0,1,2,6
486,23.130847,9.249886,667,1,0,1,3,6
487,22.96,8.957632,764,0,0,1,2,6
488,25.7275,10.916846,1069,1,1,0,3,6
489,25.488347,10.250464,2496,2,1,0,2,6
490,23.0625,10.041893,2135,4,0,1,2,6
491,22.0375,15.458307,1008,3,0,1,2,6
492,23.848347,19.833943,738,1,0,1,2,6
493,23.575,14.499604,620,1,0,1,2,6
494,20.739153,21.042221,1026,0,0,1,3,6
495,21.866653,15.874779,1319,1,1,0,3,6
496,23.130847,8.249911,2622,2,1,0,3,6
497,25.1125,15.082839,2172,4,0,1,3,6
498,23.506653,14.250364,342,3,0,1,2,6
499,25.078347,9.875264,625,1,0,1,2,6
500,26.103347,8.208304,991,1,0,1,3,6
501,24.326653,15.374825,1242,0,0,1,3,6
502,23.130847,9.166739,1521,1,1,0,3,6
503,24.6,5.626325,3410,2,1,0,3,6
504,25.454153,17.042589,2704,4,0,1,3,6
505,24.531653,15.624668,630,3,0,1,2,6
506,25.215,7.917189,819,1,0,1,2,6
507,25.488347,6.834,766,1,0,1,2,6
508,26.855,11.584032,1059,0,0,1,3,6
509,27.88,9.41685,1417,1,1,0,3,6
510,28.3925,13.332464,2855,2,1,0,3,6
511,28.29,14.416457,3283,4,1,0,3,6
512,29.2125,13.166907,2557,3,0,1,3,6
513,29.6225,19.7918,880,1,0,1,3,6
514,26.923347,9.000043,745,1,0,1,2,6
515,27.88,13.083693,1100,0,0,1,3,6
516,26.820847,15.916721,533,1,1,0,2,7
517,23.916653,12.499654,2795,2,1,0,3,7
518,24.7025,12.333829,2494,4,0,1,3,7
519,24.4975,19.083811,1071,3,0,1,3,7
520,22.174153,14.041525,968,1,0,1,2,7
521,22.720847,5.167375,1027,1,0,1,3,7
522,24.7025,10.54245,1038,0,0,1,3,7
523,26.615847,11.750661,1488,1,1,0,3,7
524,29.144153,9.667229,2708,2,1,0,3,7
525,29.793347,8.959307,2224,4,0,1,3,7
526,29.554153,13.916771,1017,3,0,1,2,7
527,26.786653,14.374582,477,1,0,1,2,7
528,26.889153,22.999693,1173,1,0,1,3,7
529,26.581653,17.000111,1180,0,0,1,3,7
530,26.205847,11.833339,1563,1,1,0,3,7
531,25.898347,11.166689,2963,2,1,0,3,7
532,24.2925,9.708568,2634,4,0,1,3,7
533,23.301653,11.707982,653,3,0,1,2,7
534,28.221653,9.917139,968,1,0,1,3,7
535,32.0825,7.625404,872,1,0,1,3,7
536,33.039153,7.958729,778,0,0,1,3,7
537,31.8775,12.250414,964,1,1,0,3,7
538,29.998347,12.041307,2657,2,1,0,3,7
539,30.476653,9.750175,2551,4,0,1,3,7
540,29.349153,20.125661,1139,3,0,1,3,7
541,25.864153,23.292014,1077,1,0,1,3,7
542,28.5975,18.208925,1077,1,0,1,3,7
543,30.715847,11.50055,921,0,0,1,3,7
544,34.200847,11.082939,829,1,1,0,3,7
545,31.365,10.791757,1455,2,1,0,3,7
546,33.449153,11.291443,1421,4,0,1,3,7
547,32.048347,13.082889,904,3,0,1,3,7
548,32.014153,8.457879,1052,1,0,1,3,7
549,32.355847,9.04165,2562,1,1,0,3,7
550,33.9275,12.999943,1405,0,0,1,3,7
551,33.961653,9.791514,1366,1,1,0,3,7
552,35.328347,10.958118,1448,2,1,0,3,7
553,33.7225,8.417143,1203,4,0,1,3,7
554,29.144153,12.125325,998,3,0,1,2,7
555,29.554153,10.166379,954,1,0,1,2,7
556,29.383347,10.166111,975,1,0,1,3,7
557,29.349153,9.833925,1032,0,0,1,3,7
558,29.998347,5.41695,1511,1,1,0,2,7
559,28.836653,9.626493,2355,2,1,0,2,7
560,30.579153,11.166689,1920,4,0,1,3,7
561,31.296653,11.000529,1088,3,0,1,3,7
562,33.551653,7.666743,921,1,0,1,3,7
563,32.526653,9.208614,799,1,0,1,3,7
564,31.57,11.083743,888,0,0,1,3,7
565,27.299153,14.000789,747,1,1,0,2,7
566,24.429153,14.2911,1264,2,1,0,1,7
567,27.3675,6.2926936,2544,4,0,1,2,7
568,30.408347,9.291761,1135,3,0,1,3,7
569,30.784153,14.167418,1140,1,0,1,3,7
570,29.690847,11.0416,1383,1,0,1,3,7
571,31.843347,19.082471,1036,0,0,1,3,7
572,32.048347,10.250464,1259,1,1,0,3,7
573,30.989153,10.54245,2234,2,1,0,3,7
574,29.588347,11.416532,2153,4,0,1,3,7
575,29.964153,10.292339,1040,3,0,1,3,7
576,29.246653,11.083475,968,1,0,1,3,7
577,29.4175,9.458993,1074,1,0,1,3,7
578,30.8525,8.666718,983,0,0,1,3,7
579,31.399153,14.458064,1328,1,1,0,2,7
580,32.526653,17.249686,2345,2,1,0,3,7
581,31.535847,19.458207,1707,4,0,1,3,7
582,30.8525,8.666718,1233,3,0,1,2,7
583,30.169153,7.832836,1278,1,0,1,2,7
584,30.75,7.4169,1263,1,0,1,2,7
585,30.989153,10.4587,1196,0,0,1,3,7
586,29.349153,16.000471,1065,1,1,0,2,7
587,28.3925,13.834093,2247,2,1,0,2,7
588,28.734153,8.208304,2182,4,0,1,3,7
589,29.554153,9.126204,1207,3,0,1,3,7
590,29.793347,11.333586,1128,1,0,1,3,7
591,28.973347,11.374657,1198,1,0,1,3,7
592,29.485847,9.500332,1338,0,0,1,3,7
593,29.656653,15.500718,1483,1,1,0,3,7
594,27.811653,11.917089,2827,2,1,0,3,7
595,26.069153,5.79215,1208,4,0,1,2,7
596,26.069153,8.708593,1026,3,0,1,2,7
597,26.615847,4.8756436,1081,1,0,1,3,7
598,27.3675,4.7089811,1094,1,0,1,3,7
599,28.529153,5.6679186,1363,0,0,1,3,7
600,28.8025,4.8337686,1325,1,1,0,2,7
601,27.128347,16.375336,1829,2,1,0,2,7
602,26.786653,15.333486,1483,4,0,1,2,7
603,28.836653,8.625111,989,3,0,1,3,7
604,29.861653,12.791975,935,1,0,1,3,7
605,28.085,7.541654,1177,1,0,1,3,7
606,28.973347,5.1668189,1172,0,0,1,3,7
607,31.330847,11.291711,1433,1,1,0,3,7
608,30.886653,7.583529,2352,2,1,0,2,7
609,28.563347,4.2927436,2613,4,1,0,2,7
610,29.0075,10.125107,1965,3,0,1,3,7
611,29.759153,15.833507,867,1,0,1,3,7
612,30.203347,12.583136,832,1,0,1,3,7
613,28.563347,9.542207,611,0,0,1,2,7
614,28.836653,11.500282,1045,1,1,0,3,7
615,27.025847,18.833968,1557,2,1,0,2,7
616,25.01,15.041232,2570,4,0,1,3,7
617,23.916653,17.333771,1118,3,0,1,3,7
618,23.6775,6.1676314,1070,1,0,1,3,7
619,24.565847,8.833682,1050,1,0,1,3,7
620,25.1125,5.5422936,1054,0,0,1,3,7
621,25.966653,6.958821,1379,1,1,0,3,7
622,24.941653,16.583907,3160,2,1,0,3,7
623,23.78,6.0422811,2166,4,0,1,3,7
624,23.814153,10.166714,1022,3,0,1,2,7
625,25.556653,23.958329,371,1,0,1,2,7
626,22.6525,14.416725,788,1,0,1,3,7
627,22.413347,7.917189,939,0,0,1,3,7
628,24.565847,10.333343,1250,1,1,0,3,7
629,26.65,19.000061,2512,2,1,0,3,7
630,21.695847,14.958286,2454,4,0,1,3,7
631,21.080847,9.541068,1001,3,0,1,3,7
632,22.55,15.833507,845,1,0,1,3,7
633,26.035,16.3748,787,1,0,1,3,7
634,26.65,9.000914,751,0,0,1,2,7
635,25.385847,10.999993,1045,1,1,0,2,7
636,22.2425,15.249468,2589,2,1,0,3,7
637,21.593347,9.042186,2015,4,0,1,3,7
638,21.354153,6.0838814,763,3,0,1,2,5
639,24.224153,6.999825,315,1,0,1,1,5
640,26.9575,4.4585686,728,1,0,1,2,5
641,26.9575,7.875582,891,0,0,1,2,5
642,25.215,7.12545,1516,1,1,0,3,5
643,22.720847,17.957675,3031,2,1,0,3,5
644,17.049153,9.457854,781,4,0,1,2,5
645,15.716653,12.708493,874,3,0,1,2,5
646,18.313347,12.7501,601,1,0,1,2,5
647,21.080847,12.584007,780,1,0,1,3,5
648,17.835,12.166932,834,0,0,1,3,5
649,17.9375,15.751164,1060,1,1,0,3,5
650,16.126653,9.791514,2252,2,1,0,3,5
651,21.388347,18.667004,2080,4,1,0,3,5
652,23.028347,19.834479,760,3,0,1,2,5
653,19.201653,12.208807,922,1,0,1,3,5
654,18.689153,6.791857,979,1,0,1,3,5
655,21.4225,15.874779,1008,0,0,1,2,5
656,23.096653,9.041918,753,1,1,0,2,5
657,19.850847,7.874979,2806,2,1,0,3,5
658,19.030847,11.125618,2132,4,0,1,3,5
659,19.9875,5.4593811,830,3,0,1,3,5
660,22.310847,6.3345686,841,1,0,1,3,5
661,24.0875,4.8762064,795,1,0,1,3,5
662,22.55,8.333125,875,0,0,1,2,5
663,22.379153,8.875289,1182,1,1,0,2,5
664,21.73,15.791364,2643,2,1,0,2,5
665,19.5775,26.666536,998,4,0,1,2,5
666,18.04,23.9994,2,3,0,1,1,5
667,13.045462,14.271603,87,1,0,1,2,5
668,14.6575,11.166689,419,1,0,1,2,5
669,14.999153,10.542182,466,0,0,1,2,4
670,14.555,17.833725,618,1,1,0,3,4
671,14.076653,18.125443,1029,2,1,0,2,4
672,13.359153,12.000236,1201,4,0,1,3,4
673,13.085847,15.833775,378,3,0,1,3,4
674,11.514153,11.625371,466,1,0,1,3,4
675,12.129153,20.375236,326,1,0,1,2,4
676,14.439134,23.304945,340,0,0,1,3,4
677,14.828347,14.375386,709,1,1,0,3,4
678,15.955847,3.8756686,2090,2,1,0,3,4
679,17.254153,8.5425,2290,4,1,0,3,4
680,19.885,11.625639,1097,3,0,1,3,4
681,14.076653,22.917082,327,1,0,1,2,4
682,11.855847,13.374875,373,1,0,1,3,4
683,13.188347,10.250129,320,0,0,1,2,4
684,14.145,11.458675,484,1,1,0,3,4
685,13.325,12.041843,1313,2,1,0,3,4
686,14.0425,15.250004,922,4,0,1,3,4
687,15.614153,15.749489,449,3,0,1,2,4
688,15.340847,5.542575,534,1,0,1,2,4
689,14.486653,6.917482,615,1,0,1,3,4
690,13.94,3.5423436,955,0,0,1,3,4
691,15.101653,9.917407,1603,1,1,0,3,4
692,11.411653,25.250357,532,2,1,0,3,4
693,10.079153,10.0835,309,4,0,1,3,4
694,12.846653,3.12555,337,3,0,1,3,4
695,11.958347,15.916654,123,1,0,1,2,4
696,12.163347,14.125007,198,1,1,0,3,4
697,11.51567,7.739974,243,0,0,1,3,4
698,12.231653,3.9175436,362,1,1,0,3,4
699,12.231653,4.0001814,951,2,1,0,2,3
700,14.2475,8.333393,892,4,0,1,2,3
701,18.5525,5.5422936,555,3,0,1,3,3
702,19.509153,11.666643,551,1,0,1,3,3
703,17.971653,21.709407,331,1,0,1,3,3
704,10.489153,11.708518,340,0,0,1,3,3
705,13.154153,8.7502,349,1,1,0,2,3
706,15.648347,6.792393,1153,2,1,0,2,3
707,15.750847,10.584325,441,4,0,1,2,3
708,17.869153,12.750636,329,3,0,1,2,3
709,14.486653,19.834479,282,1,0,1,2,3
710,12.1975,10.916779,310,1,0,1,2,3
711,12.129153,11.666643,425,0,0,1,3,3
712,11.548347,8.792343,429,1,1,0,3,3
713,13.290847,7.12545,767,2,1,0,3,3
714,14.8625,6.749714,538,4,0,1,2,3
715,16.126653,6.5833061,212,3,0,1,2,3
716,16.844153,14.834068,433,1,0,1,3,3
717,13.6325,12.334164,333,1,0,1,3,3
718,13.53,8.875021,314,0,0,1,2,3
719,13.393347,25.083661,221,1,1,0,2,3
720,10.899153,27.292182,205,2,1,0,3,3
721,10.079153,8.916561,408,4,0,1,3,3
722,9.483464,5.1744368,174,3,0,1,2,3
723,11.943464,11.304642,440,1,1,0,2,3
724,9.976653,21.208582,9,1,0,1,1,3
725,10.420847,23.458911,247,0,0,1,2,3
726,10.386653,10.416557,644,1,1,0,2,3
727,10.386653,8.333661,159,2,1,0,2,3
728,10.489153,23.500518,364,4,0,1,3,3
729,8.849153,10.374682,439,3,0,1,2,3
