,dteday,temp_es,windspeed_es,registered,dia_sem_encoded,laborables_0,laborables_1,weathersit_encoded,month_encoded,year_0,year_1
0,01-01-2018,-0.8276133293387934,-0.38783297265473177,654,1,1,0,2,1,1,0
1,02-01-2018,-0.722068842565749,0.7488989093411889,670,1,0,1,2,1,1,0
2,03-01-2018,-1.6354322811546653,0.7459310420548092,1229,2,0,1,3,1,1,0
3,04-01-2018,-1.6155596824333776,-0.38976853827628377,1454,3,0,1,3,1,1,0
4,05-01-2018,-1.4682258970291537,-0.04647661963780552,1518,3,0,1,3,1,1,0
5,06-01-2018,-1.591795639738064,-1.3024625707087933,1518,3,1,0,3,1,1,0
6,07-01-2018,-1.6345687303851484,-0.2809897503450565,1362,2,1,0,2,1,1,0
7,08-01-2018,-1.8068525744149713,0.9845862831921816,891,1,0,1,2,1,1,0
8,09-01-2018,-1.9526013615713476,2.2123284607134814,768,1,0,1,3,1,1,0
9,10-01-2018,-1.884282471577921,0.42279481342209296,1280,2,0,1,3,1,1,0
10,11-01-2018,-1.7844931680979226,-0.8822280474823765,1220,3,0,1,2,1,1,0
11,12-01-2018,-1.7646205693766346,1.4726456065519453,1137,3,0,1,3,1,1,0
12,13-01-2018,-1.8068525744149713,1.4258436298228165,1368,3,1,0,3,1,1,0
13,14-01-2018,-1.8294251356687994,-0.8252449955838828,1367,2,1,0,3,1,1,0
14,15-01-2018,-1.433377797621307,-0.41987303557682404,1026,1,1,0,2,1,1,0
15,16-01-2018,-1.4424833392796306,-0.02669513898554297,953,1,0,1,3,1,1,0
16,17-01-2018,-1.7476446915910682,0.04535951721943588,883,2,0,1,2,1,1,0
17,18-01-2018,-1.5244660072717424,-0.5642404234029889,674,3,0,1,2,1,1,0
18,19-01-2018,-1.1117816531330509,0.22988343980740159,1572,3,0,1,2,1,1,0
19,20-01-2018,-1.2785180032954075,0.06970893273856113,1844,3,1,0,2,1,1,0
20,21-01-2018,-1.7385336844215449,2.0999624244969777,1468,2,1,0,3,1,1,0
21,22-01-2018,-2.3854840588988155,-0.2391299178362898,888,1,0,1,3,1,1,0
22,23-01-2018,-2.181121489985919,0.7238784977399259,836,1,0,1,3,1,1,0
23,24-01-2018,-2.1763686814468564,-0.41513735168942645,1330,2,0,1,3,1,1,0
24,25-01-2018,-1.4872404104921244,-0.783333547991875,1799,3,0,1,2,1,1,0
25,26-01-2018,-1.5199132364425805,1.3335816685288335,472,3,0,1,1,1,1,0
26,27-01-2018,-1.6428872384307478,-0.9892648263542068,416,3,1,0,3,1,1,0
27,28-01-2018,-1.5965506344816063,-0.8671564431758906,1129,2,1,0,2,1,1,0
28,29-01-2018,-1.6345687303851484,-0.5824347402455787,975,1,0,1,3,1,1,0
29,30-01-2018,-1.525258506395666,-1.5035368697381104,956,1,0,1,3,1,1,0
30,31-01-2018,-1.720317135593698,-0.04270871856118397,1459,2,0,1,2,1,1,0
31,01-02-2018,-1.6583327730804618,-1.7715430279606985,1313,3,0,1,2,2,1,0
32,02-02-2018,-1.2876290104649308,0.9523784712495544,1454,3,0,1,2,2,1,0
33,03-02-2018,-1.6868463450081181,1.125856766023863,1489,3,1,0,3,2,1,0
34,04-02-2018,-1.5537775438345223,-0.8085862274677246,1620,2,1,0,2,2,1,0
35,05-02-2018,-1.433377797621307,-0.3796648857317817,905,1,0,1,2,2,1,0
36,06-02-2018,-1.146438459648916,-0.6284366831844664,1269,1,0,1,3,2,1,0
37,07-02-2018,-1.2238628913006664,-1.8722530880042156,1592,2,0,1,3,2,1,0
38,08-02-2018,-1.5016966876147333,2.2123284607134814,1466,3,0,1,3,2,1,0
39,09-02-2018,-1.9720039263294806,-0.021456208036542166,1552,3,0,1,2,2,1,0
40,10-02-2018,-1.9197263117065104,0.4056069907027106,1491,3,1,0,3,2,1,0
41,11-02-2018,-1.6751829441084405,-1.0574870626285127,1597,2,1,0,3,2,1,0
42,12-02-2018,-1.4925856804452098,0.16600977429618274,1184,1,0,1,3,2,1,0
43,13-02-2018,-0.9787073864482552,0.9081830562241157,1192,1,0,1,3,2,1,0
44,14-02-2018,-0.4404747745464437,2.9343976677188928,1705,2,0,1,3,2,1,0
45,15-02-2018,-1.2543604437937321,1.3016319320024137,1675,3,0,1,3,2,1,0
46,16-02-2018,-0.9692028624723698,0.7908619720164385,1897,3,0,1,3,2,1,0
47,17-02-2018,-0.32661177972779953,0.5110178944524374,2216,3,1,0,3,2,1,0
48,18-02-2018,0.14251490856786106,0.9603400978395389,2348,2,1,0,3,2,1,0
49,19-02-2018,-0.5270102133677175,4.089994862639541,1103,1,1,0,3,2,1,0
50,20-02-2018,-1.1498052145477922,0.42238189275616195,1173,1,0,1,3,2,1,0
51,21-02-2018,-1.0507920136581193,1.5141828447904537,912,2,0,1,2,2,1,0
52,22-02-2018,-1.712725540537628,0.06685719938947451,1376,3,0,1,3,2,1,0
53,23-02-2018,-1.49674493446801,-1.243778801817496,1778,3,0,1,3,2,1,0
54,24-02-2018,-1.0927726051812798,0.7741515888170388,1707,3,1,0,2,2,1,0
55,25-02-2018,-0.7173138478222063,2.0134684487552197,1341,2,1,0,2,2,1,0
56,26-02-2018,-1.1646550084767635,-0.05072196023440977,1545,1,0,1,3,2,1,0
57,27-02-2018,-0.831379066555231,-0.8420198976373341,1708,1,0,1,3,2,1,0
58,28-02-2018,-0.48270677958478025,1.2798503668745471,1365,2,0,1,2,2,1,0
59,01-03-2018,-1.251190447298037,0.3345072135376972,1714,3,0,1,3,3,1,0
60,02-03-2018,-0.8777156705043726,1.5140150957699192,1903,3,0,1,3,3,1,0
61,03-03-2018,-1.6246706896029008,0.45488649142742665,1562,3,1,0,3,3,1,0
62,04-03-2018,-1.2785180032954075,0.16573879510916537,1730,2,1,0,2,3,1,0
63,05-03-2018,-0.608992881359829,0.7918942736812662,1437,1,0,1,2,3,1,0
64,06-03-2018,-0.6507767144798084,1.9715053860799707,491,1,0,1,2,3,1,0
65,07-03-2018,-1.2781244864890453,1.9465365895619486,1628,2,0,1,3,3,1,0
66,08-03-2018,-1.1099998964820224,-0.9013514358233108,1817,3,0,1,3,3,1,0
67,09-03-2018,-1.091783347654175,0.3825737598062407,1700,3,0,1,2,3,1,0
68,10-03-2018,-0.5820807042136185,0.9210094044096007,577,3,1,0,1,3,1,0
69,11-03-2018,-0.9787073864482552,0.5480001015948927,1730,2,1,0,2,3,1,0
70,12-03-2018,-0.9095959973309051,0.39063861656270793,1408,1,0,1,3,3,1,0
71,13-03-2018,-0.6080036238327243,1.0336206122715013,1435,1,0,1,3,3,1,0
72,14-03-2018,-0.9311847665688278,-0.6913296621140991,1687,2,0,1,3,3,1,0
73,15-03-2018,-0.9739578572159122,-0.07991028980741509,1767,3,0,1,2,3,1,0
74,16-03-2018,-0.7125643185898635,0.1627838315935959,1871,3,0,1,2,3,1,0
75,17-03-2018,-0.4404747745464437,0.24616799857005997,2320,3,1,0,3,3,1,0
76,18-03-2018,0.24271412538782006,0.5227990372022845,2355,2,1,0,3,3,1,0
77,19-03-2018,-0.1262078805766826,2.2925512038414104,1693,1,0,1,3,3,1,0
78,20-03-2018,-0.8913794485030578,0.22219279240443457,1424,1,0,1,3,3,1,0
79,21-03-2018,-0.35611460918256077,1.2681982618328038,1676,2,0,1,2,3,1,0
80,22-03-2018,-0.2947259873900679,0.45483487634418523,2243,3,0,1,3,3,1,0
81,23-03-2018,-0.8123645530922606,0.5646588697110508,1918,3,0,1,2,3,1,0
82,24-03-2018,-1.150991230478078,0.6875801904504191,1699,3,1,0,2,3,1,0
83,25-03-2018,-1.264854225296722,0.5190311361256629,1910,2,1,0,3,3,1,0
84,26-03-2018,-1.2557486836383984,0.24606476840357713,1515,1,0,1,3,3,1,0
85,27-03-2018,-1.3256525718796723,-0.0800264237447082,1221,1,0,1,2,3,1,0
86,28-03-2018,-1.2638649677696174,0.28004039694722144,1806,2,0,1,3,3,1,0
87,29-03-2018,-1.0553447844872812,0.47091297477387795,2108,3,0,1,3,3,1,0
88,30-03-2018,-1.0690085624859664,-0.2272842562323911,1368,3,0,1,2,3,1,0
89,31-03-2018,-1.2420849056397132,0.3502627176971311,1506,3,1,0,1,3,1,0
90,01-04-2018,-1.0690085624859664,0.8801173547116099,1920,2,1,0,2,5,1,0
91,02-04-2018,-0.9870258944938549,0.0857354160850124,1354,1,0,1,2,5,1,0
92,03-04-2018,-0.6408786736975608,-0.10695659342590304,1598,1,0,1,3,5,1,0
93,04-04-2018,0.4248960101998905,2.5171284310246937,2381,2,1,0,3,5,1,0
94,05-04-2018,-0.4450275453756056,2.5493362429673208,1628,3,0,1,2,5,1,0
95,06-04-2018,-0.5725597837041349,0.9363132765906724,2395,3,0,1,3,5,1,0
96,07-04-2018,-0.3175007725582763,-0.36375453632262356,2570,3,1,0,3,5,1,0
97,08-04-2018,-0.8731628996752108,0.4708613596906365,1299,2,1,0,2,5,1,0
98,09-04-2018,-0.8367243365083167,-0.7409188533382636,1576,1,0,1,2,5,1,0
99,10-04-2018,-0.37670865538217935,-0.5643436535694717,1707,1,0,1,2,5,1,0
100,11-04-2018,0.546880754660953,1.7287467458249073,2493,2,0,1,2,5,1,0
101,12-04-2018,0.03775745540754075,1.088784232485736,1777,3,0,1,2,5,1,0
102,13-04-2018,-0.45413855254512886,0.7757129450850906,1953,3,0,1,2,5,1,0
103,14-04-2018,-0.15353543657405294,-1.0297439553862662,2738,3,1,0,3,5,1,0
104,15-04-2018,-0.2673984313926971,0.46289973310065247,2484,2,1,0,3,5,1,0
105,16-04-2018,-0.35393933572517033,1.9395169382411197,674,1,1,0,1,5,1,0
106,17-04-2018,-0.21274331939795596,1.4580514417654429,2186,1,0,1,3,5,1,0
107,18-04-2018,0.09241256740228188,-0.34756030395563775,2760,2,0,1,3,5,1,0
108,19-04-2018,0.0559740042353883,-0.4197698054103412,2795,3,0,1,2,5,1,0
109,20-04-2018,0.543317241358896,0.663553369201552,3331,3,0,1,3,5,1,0
110,21-04-2018,-0.1990795413992708,1.73886330214022,3444,3,1,0,3,5,1,0
111,22-04-2018,-0.8686046633348492,0.37445728796653244,1506,2,1,0,2,5,1,0
112,23-04-2018,-0.1945267705701089,0.5190311361256629,2574,1,0,1,2,5,1,0
113,24-04-2018,0.4704455805363078,0.021590771386776172,2481,1,0,1,2,5,1,0
114,25-04-2018,0.6070833605231604,-0.06669682849761963,3300,2,0,1,3,5,1,0
115,26-04-2018,0.7437211405100134,1.754889785486671,3722,3,0,1,3,5,1,0
116,27-04-2018,0.679955021345749,1.5703658628987056,3325,3,0,1,2,5,1,0
117,28-04-2018,0.6662912433470634,1.6827318991152092,3489,3,1,0,2,5,1,0
118,29-04-2018,0.07874878940359671,0.6395265479526855,3717,2,1,0,3,5,1,0
119,30-04-2018,-0.1262078805766826,0.5751625391506736,3347,1,0,1,3,5,1,0
120,01-05-2018,-0.24007087539532676,-1.0858237433280353,2213,1,0,1,2,6,1,0
121,02-05-2018,0.29281646655339927,-0.09094301385026203,3554,2,0,1,2,6,1,0
122,03-05-2018,0.6617384725179015,1.9635050481775551,3848,3,0,1,2,6,1,0
123,04-05-2018,-0.4450275453756056,1.787097597429298,2378,3,0,1,2,6,1,0
124,05-05-2018,-0.1990795413992708,1.353479283118389,3819,3,1,0,3,6,1,0
125,06-05-2018,-0.08976931740978857,0.487042688286812,3714,2,1,0,3,6,1,0
126,07-05-2018,0.13340390139833783,-0.38778135757149035,3102,1,0,1,3,6,1,0
127,08-05-2018,0.1789480062235557,-1.495086190234414,2932,1,0,1,3,6,1,0
128,09-05-2018,0.2017227913917641,-0.18712772147059054,3698,2,0,1,3,6,1,0
129,10-05-2018,0.2017227913917641,-0.96559931068803,4109,3,0,1,3,6,1,0
130,11-05-2018,0.25637790338650523,-0.9014546659897936,3632,3,0,1,3,6,1,0
131,12-05-2018,0.21538656939044928,-0.01077188580557454,4169,3,1,0,3,6,1,0
132,13-05-2018,0.09241256740228188,-0.139061175202047,3413,2,1,0,2,6,1,0
133,14-05-2018,0.13795667222749974,-0.7168275132353451,2507,1,0,1,2,6,1,0
134,15-05-2018,0.3656881273759875,-0.48418542929559444,2971,1,0,1,2,6,1,0
135,16-05-2018,0.4476707953680989,-0.8210770776121409,3185,2,0,1,3,6,1,0
136,17-05-2018,0.36113535654682555,1.120721065241345,3445,3,0,1,2,6,1,0
137,18-05-2018,0.2973692373825612,0.14181520402678174,3319,3,0,1,2,6,1,0
138,19-05-2018,0.19261178422224087,-1.0618356333916,3840,3,1,0,2,6,1,0
139,20-05-2018,0.224497576559973,-0.8450522837777659,4008,2,1,0,3,6,1,0
140,21-05-2018,0.584308575354952,-0.9013514358233108,3547,1,0,1,3,6,1,0
141,22-05-2018,0.5934195825244752,-0.5483300739938307,3084,1,0,1,3,6,1,0
142,23-05-2018,0.7437211405100134,0.5592521897415155,3438,2,0,1,2,6,1,0
143,24-05-2018,0.898575469324713,0.21407632056472628,3833,3,0,1,2,6,1,0
144,25-05-2018,0.9031282401538749,-0.4680041006994193,4238,3,0,1,3,6,1,0
145,26-05-2018,1.1627400221288955,0.1179432280276392,3919,3,1,0,3,6,1,0
146,27-05-2018,1.0169967004837186,0.6474752707718593,3808,2,1,0,3,6,1,0
147,28-05-2018,0.8758006841565046,0.5108630492027132,2757,1,1,0,3,6,1,0
148,29-05-2018,0.939566803320769,0.3024155355323635,2433,1,0,1,3,6,1,0
149,30-05-2018,1.299377802115748,-0.7648940595038887,2549,2,0,1,3,6,1,0
150,31-05-2018,1.5271092572642357,-1.0216274835465577,3309,3,0,1,3,6,1,0
151,01-06-2018,1.4679013744403326,0.21407632056472628,3461,3,0,1,2,8,1,0
152,02-06-2018,1.1991785852957895,1.3134130747522603,4232,3,1,0,3,8,1,0
153,03-06-2018,0.679955021345749,0.8080239871941999,4414,2,1,0,3,8,1,0
154,04-06-2018,0.7619376893378604,-0.8691952389639255,3473,1,0,1,3,8,1,0
155,05-06-2018,0.8348093501604487,-0.668541602863026,3221,1,0,1,2,8,1,0
156,06-06-2018,0.998774686144672,-0.8852733373936181,3875,2,0,1,3,8,1,0
157,07-06-2018,1.1581872512997335,-0.03475999574201019,4070,3,0,1,3,8,1,0
158,08-06-2018,1.5316620280933977,-0.692736173132427,3725,3,0,1,3,8,1,0
159,09-06-2018,1.7092911420763062,-0.5241355037244297,3352,3,1,0,2,8,1,0
160,10-06-2018,1.4177990332747534,-0.6445147816141592,3771,2,1,0,3,8,1,0
161,11-06-2018,1.2538336972905306,-0.4600424741094349,3237,1,0,1,3,8,1,0
162,12-06-2018,1.0762045833076215,-0.34756030395563775,2993,1,0,1,3,8,1,0
163,13-06-2018,0.7619376893378604,1.4819750328478265,4157,2,0,1,3,8,1,0
164,14-06-2018,0.5934195825244752,1.0165747310310325,4164,3,0,1,3,8,1,0
165,15-06-2018,0.7163935845126426,-0.291493419784679,4411,3,0,1,3,8,1,0
166,16-06-2018,0.7254991261709665,0.2060630788915008,3222,3,1,0,2,8,1,0
167,17-06-2018,0.83936758650081,-0.6125779488585498,3981,2,1,0,3,8,1,0
168,18-06-2018,1.0989793684758304,-0.9173779191697621,3312,1,0,1,3,8,1,0
169,19-06-2018,1.1126431464745157,-1.1420067614362872,3105,1,0,1,2,8,1,0
170,20-06-2018,0.7619376893378604,-0.451977617352968,3311,2,0,1,2,8,1,0
171,21-06-2018,1.0124384641433573,-0.2513239812520682,4061,3,0,1,2,8,1,0
172,22-06-2018,1.299377802115748,-0.23536201675966859,3846,3,0,1,3,8,1,0
173,23-06-2018,1.2720502461183776,0.6232807005024583,4044,3,1,0,2,8,1,0
174,24-06-2018,1.2492809264613687,0.4067683300756417,4022,2,1,0,3,8,1,0
175,25-06-2018,1.0898683613063072,0.24606476840357713,3420,1,0,1,3,8,1,0
176,26-06-2018,1.0078856933141953,-1.2383553469459072,3385,1,0,1,3,8,1,0
177,27-06-2018,1.021549471312881,-1.0699004901480669,3854,2,0,1,2,8,1,0
178,28-06-2018,1.3585911504508503,-0.5963966202623742,3916,3,0,1,3,8,1,0
179,29-06-2018,1.2720502461183776,0.9202867932442215,4377,3,0,1,3,8,1,0
180,30-06-2018,1.0989793684758304,-0.06696780768463699,4488,3,1,0,3,8,1,0
181,01-07-2018,1.240169919291845,-1.134161268783596,4116,2,1,0,3,7,1,0
182,02-07-2018,1.3267053581131187,-0.9734577071115315,2915,1,0,1,3,7,1,0
183,03-07-2018,1.2082895924653128,0.49493979602274474,2367,1,0,1,2,7,1,0
184,04-07-2018,1.2629447044600537,-1.4068024614812613,2978,2,0,1,2,7,1,0
185,05-07-2018,1.372254928449536,-0.8289870891188834,3634,3,0,1,3,7,1,0
186,06-07-2018,1.2265061412931597,-0.5241355037244297,3845,3,0,1,3,7,1,0
187,07-07-2018,1.3904714772773832,-0.4039110710844245,3838,3,1,0,3,7,1,0
188,08-07-2018,1.1672982584692566,0.44682163467095976,3348,2,1,0,2,7,1,0
189,09-07-2018,1.299377802115748,-0.291493419784679,3348,1,0,1,3,7,1,0
190,10-07-2018,1.376807699278698,-0.09072364974648608,3138,1,0,1,3,7,1,0
191,11-07-2018,1.4587903672708094,1.1850205551893052,3363,2,0,1,3,7,1,0
192,12-07-2018,1.6318667104245566,0.1258403357635719,3596,3,0,1,3,7,1,0
193,13-07-2018,1.372254928449536,-0.572524644263232,3594,3,0,1,3,7,1,0
194,14-07-2018,1.0124384641433573,0.6473204255221353,4196,3,1,0,3,7,1,0
195,15-07-2018,0.9167920181525606,-0.09895625552348784,4220,2,1,0,3,7,1,0
196,16-07-2018,1.0443242564810893,0.23020603407766038,3505,1,0,1,3,7,1,0
197,17-07-2018,1.2219533704639978,0.7036582888801118,3296,1,0,1,3,7,1,0
198,18-07-2018,1.372254928449536,0.3264939718644717,3617,2,0,1,3,7,1,0
199,19-07-2018,1.5362202644337595,-0.7729589162603558,3789,3,0,1,3,7,1,0
200,20-07-2018,1.490670694097342,-0.9895229017704137,3688,3,0,1,3,7,1,0
201,21-07-2018,1.7457297052432001,0.4067167149924003,3152,3,1,0,2,7,1,0
202,22-07-2018,1.9279115900552706,-0.7406994892344877,2825,2,1,0,3,7,1,0
203,23-07-2018,1.932469826395632,-0.76494567458713,2298,1,0,1,3,7,1,0
204,24-07-2018,1.827712373235312,-0.2752475723344518,2556,1,0,1,3,7,1,0
205,25-07-2018,1.354032914110489,-1.2864218932144504,3272,2,0,1,3,7,1,0
206,26-07-2018,1.5088927084363886,0.12589195084681332,3840,3,0,1,3,7,1,0
207,27-07-2018,1.5271092572642357,-0.09082687991296892,3901,3,0,1,3,7,1,0
208,28-07-2018,1.5498840424324445,-0.15513927363173968,3784,3,1,0,3,7,1,0
209,29-07-2018,1.8732564780605299,-0.211154542719457,3176,2,1,0,3,7,1,0
210,30-07-2018,1.686521822419297,-0.2834285630282121,2916,1,0,1,3,7,1,0
211,31-07-2018,1.695627364077621,-0.33148220552594504,2778,1,0,1,3,7,1,0
212,01-08-2018,1.5088927084363886,-0.43595113400651675,3537,2,0,1,3,8,1,0
213,02-08-2018,1.5726533620894536,0.19804983721827502,4044,3,0,1,3,8,1,0
214,03-08-2018,1.2902722604574242,-0.7086594263123954,3107,3,0,1,2,8,1,0
215,04-08-2018,1.1718510292984186,0.08578703116825381,3777,3,1,0,2,8,1,0
216,05-08-2018,1.1764038001275805,-0.07491653050381077,3843,2,1,0,3,8,1,0
217,06-08-2018,1.2082895924653128,0.48709430337005344,2773,1,0,1,2,8,1,0
218,07-08-2018,1.349480143281327,0.14175068517273007,2487,1,0,1,3,8,1,0
219,08-08-2018,1.4724541452694946,0.021590771386776172,3480,2,0,1,3,8,1,0
220,09-08-2018,1.5271092572642357,-0.5081606354612198,3695,3,0,1,3,8,1,0
221,10-08-2018,1.4815651524390183,0.12589195084681332,3896,3,0,1,3,8,1,0
222,11-08-2018,1.2128423632944745,-0.331701569629721,3980,3,1,0,3,8,1,0
223,12-08-2018,1.1627400221288955,-0.8372067911250746,3854,2,1,0,3,8,1,0
224,13-08-2018,1.039766020140728,0.27036256883946097,2646,1,0,1,2,8,1,0
225,14-08-2018,0.9896691444863482,0.41461382272833297,2482,1,0,1,2,8,1,0
226,15-08-2018,0.9304557961512457,0.23810314181359274,3563,2,0,1,3,8,1,0
227,16-08-2018,1.1217486881328393,0.5913438677468489,4004,3,0,1,3,8,1,0
228,17-08-2018,1.244722690121007,-0.6043453430815483,4026,3,0,1,3,8,1,0
229,18-08-2018,1.1809620364679418,0.5510711990477551,3166,3,1,0,3,8,1,0
230,19-08-2018,1.035213249311566,-0.6605928800438519,3356,2,1,0,2,8,1,0
231,20-08-2018,1.1035321393049924,-1.1101731588471606,3277,1,0,1,3,8,1,0
232,21-08-2018,1.1764038001275805,0.7516732200654136,2624,1,0,1,3,8,1,0
233,22-08-2018,1.0716518124784595,1.1129271876718951,3925,2,0,1,3,8,1,0
234,23-08-2018,0.7938180161643927,-0.5643952686527131,4614,3,0,1,3,8,1,0
235,24-08-2018,0.9714471301473017,0.8078562381736654,4181,3,0,1,3,8,1,0
236,25-08-2018,1.030660478482404,0.2623493271662355,3107,3,1,0,2,8,1,0
237,26-08-2018,1.1171959173036774,-1.3747585274279257,3893,2,1,0,3,8,1,0
238,27-08-2018,1.0078856933141953,2.3886842963784973,889,1,0,1,2,8,1,0
239,28-08-2018,1.1557769608607655,1.4730585272178767,2919,1,0,1,3,8,1,0
240,29-08-2018,0.7710486965073837,-0.39584621432795725,3905,2,0,1,3,8,1,0
241,30-08-2018,0.7847124745060688,-0.8451168026318175,4429,3,0,1,3,8,1,0
242,31-08-2018,0.8803589204968659,-1.3828775800217963,4370,3,0,1,3,8,1,0
243,01-09-2018,0.8712479133273427,-0.6284882982677079,4332,3,1,0,3,8,1,0
244,02-09-2018,0.8074817941630783,-0.6525796383706264,3852,2,1,0,2,8,1,0
245,03-09-2018,0.9486778104902922,-0.06680005866410246,2549,1,1,0,3,8,1,0
246,04-09-2018,1.1672982584692566,0.20601146380825938,2419,1,0,1,3,8,1,0
247,05-09-2018,0.9714471301473017,0.2863890521859122,2115,2,0,1,2,8,1,0
248,06-09-2018,0.24271412538782006,1.9799702597315578,2506,3,0,1,1,8,1,0
249,07-09-2018,0.5660920265271049,-1.2062572170551684,1878,3,0,1,1,8,1,0
250,08-09-2018,0.755996678664032,0.02898463206110529,1689,3,1,0,1,8,1,0
251,09-09-2018,0.843920357329972,-0.8532332744715262,3127,2,1,0,2,8,1,0
252,10-09-2018,0.898575469324713,-0.4760689574558862,3595,1,0,1,3,8,1,0
253,11-09-2018,0.8621369061578195,-0.9735609372780141,3413,1,0,1,3,8,1,0
254,12-09-2018,0.8130292880305446,-1.3108784100313018,4023,2,0,1,3,8,1,0
255,13-09-2018,0.8484731281591338,-0.6283850681012251,4062,3,0,1,3,8,1,0
256,14-09-2018,0.9714471301473017,-0.29939052752061174,4138,3,0,1,3,8,1,0
257,15-09-2018,0.4476707953680989,1.0406144560507096,3231,3,1,0,2,8,1,0
258,16-09-2018,-0.14442442940452968,-0.339611581136464,4018,2,1,0,2,8,1,0
259,17-09-2018,-0.021450427416362286,-0.0106686556390917,3077,1,0,1,2,8,1,0
260,18-09-2018,0.06508501140491155,-0.15508765854849826,2921,1,0,1,3,8,1,0
261,19-09-2018,0.29281646655339927,-0.500147393787994,3848,2,0,1,2,8,1,0
262,20-09-2018,0.36113535654682555,-0.7167758981521037,3203,3,0,1,2,8,1,0
263,21-09-2018,0.543317241358896,-1.2142136821368286,3813,3,0,1,2,8,1,0
264,22-09-2018,0.7254991261709665,-0.8048957490159653,4240,3,1,0,2,8,1,0
265,23-09-2018,0.6207471385218459,-1.4469654481284668,2137,2,1,0,2,8,1,0
266,24-09-2018,0.6070833605231604,-1.4467512455330152,3647,1,0,1,2,8,1,0
267,25-09-2018,0.7573849185086986,-1.8081097336830605,3466,1,0,1,2,8,1,0
268,26-09-2018,0.83936758650081,-1.0297439553862662,3946,2,0,1,2,8,1,0
269,27-09-2018,0.7710486965073837,-0.9333398836621618,3643,3,0,1,2,8,1,0
270,28-09-2018,0.7619376893378604,-0.5403168323206052,3427,3,0,1,2,8,1,0
271,29-09-2018,0.6617384725179015,-0.2273487750864428,4186,3,1,0,3,8,1,0
272,30-09-2018,0.3747991345455107,0.20611469397474189,4372,2,1,0,3,8,1,0
273,01-10-2018,-0.4678023305438145,1.3135292086895538,1949,1,0,1,2,7,1,0
274,02-10-2018,-0.7592944393453669,0.4066134848259178,2302,1,0,1,2,7,1,0
275,03-10-2018,-0.608992881359829,-1.382716282886667,3240,2,0,1,2,7,1,0
276,04-10-2018,-0.06244176141241777,0.19810145230151643,3970,3,0,1,3,7,1,0
277,05-10-2018,0.23360311821829682,-0.17099800795765643,4267,3,0,1,3,7,1,0
278,06-10-2018,-0.007786649417677125,-0.7167758981521037,4126,3,1,0,3,7,1,0
279,07-10-2018,0.08330156023275863,-2.1692540192376546,4036,2,1,0,3,7,1,0
280,08-10-2018,0.14251490856786106,-1.8723059934645385,3174,1,1,0,3,7,1,0
281,09-10-2018,0.24726689621698197,-1.6394471261751737,3114,1,0,1,3,7,1,0
282,10-10-2018,0.41123223220120536,-1.9123076829766148,3603,2,0,1,3,7,1,0
283,11-10-2018,0.38846291254419585,-0.6124101998380153,3896,3,0,1,2,7,1,0
284,12-10-2018,0.2609306742156671,0.7438793424959637,2199,3,0,1,1,7,1,0
285,13-10-2018,0.5114369145323637,-0.6286044322050011,2623,3,1,0,2,7,1,0
286,14-10-2018,0.3019220082117231,0.4307435362412671,3115,2,1,0,2,7,1,0
287,15-10-2018,0.06053224057574963,0.8720524979551434,3318,1,0,1,3,7,1,0
288,16-10-2018,0.08785979657311996,1.1770202172868902,3293,1,0,1,3,7,1,0
289,17-10-2018,0.21083379856128737,-0.195140963143816,3857,2,0,1,3,7,1,0
290,18-10-2018,0.2017227913917641,-1.037653966893009,4111,3,0,1,2,7,1,0
291,19-10-2018,0.2522186493637055,0.6817993011273829,2170,3,0,1,1,7,1,0
292,20-10-2018,-0.10799133174883506,2.9907484348476796,3724,3,1,0,3,7,1,0
293,21-10-2018,-0.3721558845530174,0.3986518582359334,3628,2,1,0,3,7,1,0
294,22-10-2018,-0.39948344055038776,-1.2624415255405013,2809,1,0,1,3,7,1,0
295,23-10-2018,-0.40403621137954965,-1.174104891327026,2762,1,0,1,3,7,1,0
296,24-10-2018,-0.1763102217422618,-0.9253266419889362,3488,2,0,1,3,7,1,0
297,25-10-2018,-0.13076065140584453,-0.30767474838085457,3992,3,0,1,3,7,1,0
298,26-10-2018,-0.06244176141241777,-0.5401490833000707,3490,3,0,1,2,7,1,0
299,27-10-2018,-0.13987165857536776,0.09369704267499679,2419,3,1,0,2,7,1,0
300,28-10-2018,-0.9004904556725812,0.5029530376959702,3291,2,1,0,2,7,1,0
301,29-10-2018,-1.3195093372914632,2.075819469310818,570,1,0,1,1,7,1,0
302,30-10-2018,-0.9642511093256463,-0.17916609488060614,2446,1,0,1,3,7,1,0
303,31-10-2018,-0.8503881145070021,-1.0858753584112768,3307,2,0,1,3,7,1,0
304,01-11-2018,-0.5179046717093937,-0.7088142715621196,3658,3,0,1,3,6,1,0
305,02-11-2018,-0.645431444526723,-1.3988989018599234,3816,3,0,1,3,6,1,0
306,03-11-2018,-0.4769133377133377,-0.692736173132427,3656,3,1,0,3,6,1,0
307,04-11-2018,-0.504240893710708,1.0487825429736588,3576,2,1,0,2,6,1,0
308,05-11-2018,-0.9232597753295902,-0.018578667145834667,2770,1,0,1,3,6,1,0
309,06-11-2018,-0.8048440096817842,-1.270345085161839,2697,1,0,1,3,6,1,0
310,07-11-2018,-0.5497849985359259,-1.7197730994695855,3662,2,0,1,3,6,1,0
311,08-11-2018,-0.4769133377133377,-1.5673473067723585,3829,3,0,1,3,6,1,0
312,09-11-2018,-0.5224574425385556,-1.6556310355255113,3804,3,0,1,3,6,1,0
313,10-11-2018,-0.6317676665280376,-0.018514148291782977,2743,3,1,0,2,6,1,0
314,11-11-2018,-0.9369235533282757,1.6023026956543147,2928,2,1,0,3,6,1,0
315,12-11-2018,-0.7592944393453669,0.2782080614921522,2792,1,1,0,3,6,1,0
316,13-11-2018,-0.29928422373042923,1.1770718323701315,2713,1,0,1,3,6,1,0
317,14-11-2018,0.18805901339307896,1.4980531312775192,3891,2,0,1,3,6,1,0
318,15-11-2018,0.18805901339307896,0.11782709409034609,3746,3,0,1,2,6,1,0
319,16-11-2018,-0.21274331939795596,-0.6925813278827027,1672,3,0,1,1,6,1,0
320,17-11-2018,-0.8412771073374786,1.4821298780975511,2914,3,1,0,2,6,1,0
321,18-11-2018,-1.210199113301981,-0.28348017811145354,3147,2,1,0,3,6,1,0
322,19-11-2018,-0.9095959973309051,0.4386535477480101,2720,1,0,1,3,6,1,0
323,20-11-2018,-0.1763102217422618,-0.05873520190763524,2733,1,0,1,2,6,1,0
324,21-11-2018,-0.26284566056353514,-0.6767742086400274,2545,2,0,1,1,6,1,0
325,22-11-2018,-0.43136376737692045,-0.9253266419889362,1538,3,1,0,1,6,1,0
326,23-11-2018,-0.29928422373042923,1.875217448293159,2454,3,0,1,2,6,1,0
327,24-11-2018,-0.6682062296949314,-0.2993389124373703,935,3,1,0,3,6,1,0
328,25-11-2018,-0.6590952225254082,-1.1820626467857671,1697,2,1,0,3,6,1,0
329,26-11-2018,-0.6545424516962463,-1.5753050622310996,1819,1,0,1,3,6,1,0
330,27-11-2018,-0.1990795413992708,0.23810314181359274,2261,1,0,1,3,6,1,0
331,28-11-2018,0.04310272536062648,-0.6242816689835348,3614,2,0,1,3,6,1,0
332,29-11-2018,-0.20363777773963213,0.8721686318924362,2818,3,0,1,2,6,1,0
333,30-11-2018,-0.9323707824991138,1.0407693013004335,3425,3,0,1,3,6,1,0
334,01-12-2018,-1.00068967249254,0.38267698997272354,3545,3,1,0,3,4,1,0
335,02-12-2018,-0.9915786653230168,-1.15808485986598,3672,2,1,0,3,4,1,0
336,03-12-2018,-1.0735613333151282,-1.222225633432973,2908,1,0,1,3,4,1,0
337,04-12-2018,-0.9004904556725812,-1.3748127232653293,2851,1,0,1,3,4,1,0
338,05-12-2018,-0.5998873397015051,-1.655469738390382,3578,2,0,1,2,4,1,0
339,06-12-2018,-0.18086299257142371,0.5430063422912883,2468,3,0,1,1,4,1,0
340,07-12-2018,-0.4678023305438145,0.9764698113524733,655,3,0,1,1,4,1,0
341,08-12-2018,-1.2557486836383984,0.6394620290986338,3172,3,1,0,3,4,1,0
342,09-12-2018,-1.1191109036515454,-1.3908340451034564,3359,2,1,0,3,4,1,0
343,10-12-2018,-1.2056463424728192,0.5512389480682897,2688,1,0,1,3,4,1,0
344,11-12-2018,-1.5016966876147333,-1.5995525379608233,2366,1,0,1,3,4,1,0
345,12-12-2018,-1.4060502416239362,-1.6394471261751737,3167,2,0,1,3,4,1,0
346,13-12-2018,-1.1646550084767635,-0.6445663966974006,3368,3,0,1,3,4,1,0
347,14-12-2018,-0.9733621164951695,-1.671599451903316,3562,3,0,1,2,4,1,0
348,15-12-2018,-0.39948344055038776,1.0005611514553914,3528,3,1,0,2,4,1,0
349,16-12-2018,-0.6590952225254082,0.9042086948145288,3399,2,1,0,2,4,1,0
350,17-12-2018,-1.2967400176344541,0.6795798525480036,2464,1,0,1,2,4,1,0
351,18-12-2018,-1.4060502416239362,-0.2674020796817609,2211,1,0,1,3,4,1,0
352,19-12-2018,-1.196535335303296,-0.22718102606590826,3143,2,0,1,3,4,1,0
353,20-12-2018,-0.5998873397015051,-1.6636958922819787,3534,3,0,1,2,4,1,0
354,21-12-2018,-0.3676031137238555,0.39870347331917483,2553,3,0,1,2,4,1,0
355,22-12-2018,-0.3949306697212258,-1.8481656190325408,2841,3,1,0,2,4,1,0
356,23-12-2018,-0.6682062296949314,1.0806161455627858,2046,2,1,0,3,4,1,0
357,24-12-2018,-1.0553447844872812,-0.0025521837993833984,856,1,0,1,3,4,1,0
358,25-12-2018,-1.206832358403105,-0.4569326653441412,451,1,1,0,3,4,1,0
359,26-12-2018,-0.9501938145205986,0.6318100930080979,887,2,0,1,3,4,1,0
360,27-12-2018,-0.9323707824991138,-0.026475774881767025,1059,3,0,1,2,4,1,0
361,28-12-2018,-1.073763557229509,1.3350139870887818,2047,3,0,1,3,4,1,0
362,29-12-2018,-1.351395129629195,-0.917326304086521,2169,3,1,0,3,4,1,0
363,30-12-2018,-1.005242443321702,-0.7247375247420881,2508,2,1,0,3,4,1,0
364,31-12-2018,-0.4678023305438145,0.3826253748894821,1820,1,0,1,3,4,1,0
365,01-01-2019,-0.6864227785227788,0.021487541220293678,1608,1,1,0,3,1,0,1
366,02-01-2019,-1.21634234789019,1.7957302201014198,1707,2,0,1,3,1,0,1
367,03-01-2019,-1.888835242407083,2.260343391898783,2147,3,0,1,3,1,0,1
368,04-01-2019,-2.121119468384733,-0.07486491542056935,2273,3,0,1,2,1,0,1
369,05-01-2019,-1.2557486836383984,-0.7808689277670985,3132,3,1,0,3,1,0,1
370,06-01-2019,-0.8822684413335345,-0.29154503486792044,3791,2,1,0,3,1,0,1
371,07-01-2019,-0.5588960057054492,-0.2031542048170418,3451,1,0,1,3,1,0,1
372,08-01-2019,-0.8640518925056873,0.013422684463826452,2826,1,0,1,3,1,0,1
373,09-01-2019,-1.4834746732756867,-1.1820084509483637,2270,2,0,1,2,1,0,1
374,10-01-2019,-1.0214804770953396,-0.03806336106945898,3425,3,0,1,3,1,0,1
375,11-01-2019,-1.210199113301981,-0.76494567458713,2085,3,0,1,2,1,0,1
376,12-01-2019,-0.6181038885293525,-0.12303469185559572,3828,3,1,0,2,1,0,1
377,13-01-2019,-1.210199113301981,2.420827589467072,3040,2,1,0,3,1,0,1
378,14-01-2019,-1.7248699064228599,-0.042824852498477076,2160,1,0,1,3,1,0,1
379,15-01-2019,-1.797741567245448,0.7839842621745229,2027,1,0,1,3,1,0,1
380,16-01-2019,-1.6702147944281187,0.5271992230486127,2081,2,0,1,3,1,0,1
381,17-01-2019,-0.669791227942779,2.0469021189248293,2808,3,0,1,2,1,0,1
382,18-01-2019,-1.0507920136581193,2.9024092198800417,3267,3,0,1,3,1,0,1
383,19-01-2019,-1.6702147944281187,0.38267698997272354,3162,3,1,0,3,1,0,1
384,20-01-2019,-1.5199132364425805,0.15804814770619868,3048,2,1,0,2,1,0,1
385,21-01-2019,-1.7613084695897536,0.4147299566656261,1234,1,1,0,2,1,0,1
386,22-01-2019,-1.8205163524136565,0.11789161294439778,1781,1,0,1,2,1,0,1
387,23-01-2019,-1.5153604656134185,-1.0296407252197832,2287,2,0,1,2,1,0,1
388,24-01-2019,-0.8367243365083167,-0.8611303822074585,3900,3,0,1,3,1,0,1
389,25-01-2019,-1.1008888893124988,-0.37976811589826454,3803,3,0,1,3,1,0,1
390,26-01-2019,-0.8412771073374786,-1.5111088024496222,3831,3,1,0,2,1,0,1
391,27-01-2019,-0.3858196625517026,1.9635050481775551,3187,2,1,0,2,1,0,1
392,28-01-2019,-0.9824731236646927,0.2622977120829941,3248,1,0,1,3,1,0,1
393,29-01-2019,-1.1646550084767635,0.639358798932151,2685,1,0,1,3,1,0,1
394,30-01-2019,-1.2375266692993516,0.32633912661474745,3498,2,0,1,3,1,0,1
395,31-01-2019,-0.5771125545332965,0.9202351781609797,4185,3,0,1,3,1,0,1
396,01-02-2019,-0.14442442940452968,-0.018514148291782977,4275,3,0,1,3,2,0,1
397,02-02-2019,-0.5270102133677175,-0.04277323741523566,3571,3,1,0,2,2,0,1
398,03-02-2019,-0.9961369016633781,-0.15491990952796372,3841,2,1,0,3,2,0,1
399,04-02-2019,-1.264854225296722,-0.8852733373936181,2448,1,0,1,2,2,0,1
400,05-02-2019,-1.2557486836383984,-0.18717933655383195,2629,1,0,1,2,2,0,1
401,06-02-2019,-1.1640592677560206,-0.4735914334602994,3578,2,0,1,3,2,0,1
402,07-02-2019,-0.7729582173440523,-0.5564465458335394,4176,3,0,1,3,2,0,1
403,08-02-2019,-1.305845559292778,-0.7326862475612619,2693,3,0,1,2,2,0,1
404,09-02-2019,-1.2603014544675601,0.04561759263564298,3667,3,1,0,3,2,0,1
405,10-02-2019,-1.1737660156462866,-0.9493663670086131,3604,2,1,0,2,2,0,1
406,11-02-2019,-1.4834746732756867,1.2812697816636855,1977,1,0,1,1,2,0,1
407,12-02-2019,-2.0118092443952507,2.8221864767521136,1456,1,0,1,3,2,0,1
408,13-02-2019,-1.4925856804452098,-0.29960989162438767,3328,2,0,1,3,2,0,1
409,14-02-2019,-0.9642511093256463,-0.6364499248576923,3787,3,0,1,2,2,0,1
410,15-02-2019,-0.8048440096817842,-0.114866604932646,4028,3,0,1,3,2,0,1
411,16-02-2019,-0.9779148873243314,-1.2784641377557096,2931,3,1,0,2,2,0,1
412,17-02-2019,-0.8321715656791547,0.1979982221350336,3805,2,1,0,3,2,0,1
413,18-02-2019,-0.813949551340108,0.005512672957083484,2883,1,1,0,3,2,0,1
414,19-02-2019,-1.1783187864754485,0.8079078532569072,2071,1,0,1,2,2,0,1
415,20-02-2019,-1.1783187864754485,0.4978431444550728,2627,2,0,1,3,2,0,1
416,21-02-2019,-1.1355456958283643,0.19633363570049892,3614,3,0,1,3,2,0,1
417,22-02-2019,-0.545232227706764,0.5673686615812238,4379,3,0,1,3,2,0,1
418,23-02-2019,-0.22640709739664114,0.00530621262411815,4546,3,1,0,3,2,0,1
419,24-02-2019,-0.48146610854249966,0.6073187360100587,3241,2,1,0,2,2,0,1
420,25-02-2019,-1.1191109036515454,2.9825803479247295,2415,1,0,1,3,2,0,1
421,26-02-2019,-1.1828715573046105,0.19003659554504954,2874,1,0,1,3,2,0,1
422,27-02-2019,-0.7046393273506261,1.000445017518098,4069,2,0,1,3,2,0,1
423,28-02-2019,-0.7456306613466818,0.03761725473322779,4134,3,0,1,3,2,0,1
424,01-03-2019,-0.05333621975409394,0.47079684083658485,4665,3,0,1,3,3,0,1
425,02-03-2019,-0.7775164536844137,-0.5883833785891488,2948,3,1,0,2,3,0,1
426,03-03-2019,-0.4450275453756056,-0.3796648857317817,3110,2,1,0,2,3,0,1
427,04-03-2019,-0.9278180116699518,1.8590361196969842,2713,1,0,1,3,3,0,1
428,05-03-2019,-1.3787226856265657,0.49493979602274474,3130,1,0,1,3,3,0,1
429,06-03-2019,-1.2967400176344541,0.13385357743679735,3735,2,0,1,3,3,0,1
430,07-03-2019,-0.49968265737034673,2.003661582939356,4484,3,0,1,3,3,0,1
431,08-03-2019,0.17439523539439378,3.2396363662376566,4896,3,0,1,3,3,0,1
432,09-03-2019,-0.4632495597146526,2.8942927480403333,4122,3,1,0,2,3,0,1
433,10-03-2019,-1.1373274524793928,0.45483487634418523,3150,2,1,0,3,3,0,1
434,11-03-2019,-0.7315733665416344,0.41402024927105685,3253,1,0,1,3,3,0,1
435,12-03-2019,-0.15808820740321486,0.22208956223795207,4460,1,0,1,3,3,0,1
436,13-03-2019,0.3793519053746726,0.5993571094200747,5085,2,0,1,3,3,0,1
437,14-03-2019,0.4203432393707286,-0.9734577071115315,5315,3,0,1,3,3,0,1
438,15-03-2019,0.33836057137861714,-0.5241355037244297,5187,3,0,1,3,3,0,1
439,16-03-2019,-0.32661177972779953,-0.9975877585268808,3830,3,1,0,2,3,0,1
440,17-03-2019,0.10152357457180511,-1.0296923403030247,4681,2,1,0,2,3,0,1
441,18-03-2019,-0.1262078805766826,-0.8209222323624166,3685,1,0,1,2,3,0,1
442,19-03-2019,0.2700416813851904,-0.3636900174685719,5171,1,0,1,3,3,0,1
443,20-03-2019,0.3565771202064642,-0.8933381941500854,5042,2,0,1,3,3,0,1
444,21-03-2019,0.1971700205626022,-1.3025516067273846,5108,3,0,1,2,3,0,1
445,22-03-2019,0.32014402255076957,-0.9411982800856632,5537,3,0,1,3,3,0,1
446,23-03-2019,0.57975580452579,-0.9574828388483216,5893,3,1,0,2,3,0,1
447,24-03-2019,0.03775745540754075,0.02943626403946745,2339,2,1,0,2,3,0,1
448,25-03-2019,-0.3175007725582763,0.39063861656270793,3464,1,0,1,2,3,0,1
449,26-03-2019,-0.27195666773305843,2.533258144537628,4763,1,0,1,3,3,0,1
450,27-03-2019,-0.941481789668637,-0.04270871856118397,4571,2,0,1,3,3,0,1
451,28-03-2019,-0.06244176141241777,1.3054643519330866,5024,3,0,1,3,3,0,1
452,29-03-2019,-0.007786649417677125,1.6664989554357925,5299,3,0,1,3,3,0,1
453,30-03-2019,-0.6864227785227788,-0.6766064596194928,4663,3,1,0,2,3,0,1
454,31-03-2019,-0.39037243338086447,0.7757129450850906,3934,2,1,0,2,3,0,1
455,01-04-2019,-0.38126689172254064,-0.2352974979056169,3694,1,0,1,2,5,0,1
456,02-04-2019,-0.3371055612307899,1.569578732879274,4728,1,0,1,3,5,0,1
457,03-04-2019,-0.15808820740321486,-1.1660981015392056,5424,2,0,1,3,5,0,1
458,04-04-2019,0.2518251325573433,-0.12293146168911288,5378,3,0,1,3,5,0,1
459,05-04-2019,-0.3311645505569614,0.3745605181330153,5265,3,0,1,3,5,0,1
460,06-04-2019,-0.504240893710708,1.4179465220868839,4653,3,1,0,3,5,0,1
461,07-04-2019,-0.3175007725582763,1.088681002319253,3605,2,1,0,3,5,0,1
462,08-04-2019,0.02409367740885559,0.5431740913118228,2939,1,0,1,3,5,0,1
463,09-04-2019,-0.03511420541504745,2.1638877050914376,4680,1,0,1,3,5,0,1
464,10-04-2019,-0.2673984313926971,0.7596864617386391,5099,2,0,1,3,5,0,1
465,11-04-2019,-0.8028600291163752,1.3519566381627677,4380,3,0,1,3,5,0,1
466,12-04-2019,-0.5361212205372408,1.289437868586635,4746,3,0,1,3,5,0,1
467,13-04-2019,-0.29017321656090594,-0.4520292324362094,5146,3,1,0,3,5,0,1
468,14-04-2019,-0.003233878588514734,0.005357827707359569,4665,2,1,0,3,5,0,1
469,15-04-2019,0.6070833605231604,0.44682163467095976,4286,1,0,1,3,5,0,1
470,16-04-2019,0.921350254492922,1.2171767520486905,5172,1,1,0,3,5,0,1
471,17-04-2019,0.6161889021814841,1.0726545189728014,5702,2,0,1,3,5,0,1
472,18-04-2019,-0.1763102217422618,-0.291493419784679,4020,3,0,1,2,5,0,1
473,19-04-2019,0.014982670239332346,-1.6074560975821608,5719,3,0,1,3,5,0,1
474,20-04-2019,0.16984246456523186,-0.5242903489741539,5950,3,1,0,3,5,0,1
475,21-04-2019,0.4066794613720434,1.2011502687022395,4083,2,1,0,3,5,0,1
476,22-04-2019,-0.5406739913664027,1.987751233530198,907,1,0,1,1,5,0,1
477,23-04-2019,-0.9505873313269608,1.4580514417654429,3019,1,0,1,2,5,0,1
478,24-04-2019,-0.4495857817159669,0.7597896919051219,5115,2,0,1,3,5,0,1
479,25-04-2019,-0.10343309540847373,-0.9253266419889362,5541,3,0,1,3,5,0,1
480,26-04-2019,0.014982670239332346,-0.1790628647141233,4551,3,0,1,2,5,0,1
481,27-04-2019,-0.20819054856879404,2.0275851740217394,5219,3,1,0,3,5,0,1
482,28-04-2019,-0.6499842153558849,-0.7810237730168228,3100,2,1,0,2,5,0,1
483,29-04-2019,-0.20363777773963213,-0.9496373461956303,4075,1,0,1,3,5,0,1
484,30-04-2019,-0.1717519854019,-0.2434139697453252,4907,1,0,1,2,5,0,1
485,01-05-2019,0.6435164581788549,-0.4439643756797422,5087,2,0,1,2,6,0,1
486,02-05-2019,0.3747991345455107,-0.676722593556786,5502,3,0,1,3,6,0,1
487,03-05-2019,0.3520243493773023,-0.7330088418315206,5657,3,0,1,2,6,0,1
488,04-05-2019,0.7209463553418045,-0.3556767757953464,5227,3,1,0,3,6,0,1
489,05-05-2019,0.6890660285152722,-0.48401768027506026,4387,2,1,0,2,6,0,1
490,06-05-2019,0.3656881273759875,-0.5241871188076711,4224,1,0,1,2,6,0,1
491,07-05-2019,0.2290503473891349,0.5189795210424215,5265,1,0,1,2,6,0,1
492,08-05-2019,0.4704455805363078,1.3616989851245802,4990,2,0,1,2,6,0,1
493,09-05-2019,0.4340070173694138,0.3343394645171627,4097,3,0,1,2,6,0,1
494,10-05-2019,0.0559740042353883,1.5944055879183827,5546,3,0,1,3,6,0,1
495,11-05-2019,0.20627556222092602,0.5991893603995401,5711,3,1,0,3,6,0,1
496,12-05-2019,0.3747991345455107,-0.8693113729012185,4807,2,1,0,3,6,0,1
497,13-05-2019,0.6389636873496931,0.4466667894212355,3946,1,0,1,3,6,0,1
498,14-05-2019,0.4248960101998905,0.2863374371026708,2501,1,0,1,2,6,0,1
499,15-05-2019,0.6344109165205312,-0.5562787968130048,4490,2,0,1,2,6,0,1
500,16-05-2019,0.7710486965073837,-0.8773246145744443,6433,3,0,1,3,6,0,1
501,17-05-2019,0.5342062341893727,0.5029014226127287,6142,3,0,1,3,6,0,1
502,18-05-2019,0.3747991345455107,-0.692736173132427,6118,3,1,0,3,6,0,1
503,19-05-2019,0.5706447973562668,-1.3745972302927965,4884,2,1,0,3,6,0,1
504,20-05-2019,0.684507792174911,0.8241020856238926,4425,1,0,1,3,6,0,1
505,21-05-2019,0.5615337901867431,0.5510195839645138,3729,1,0,1,2,6,0,1
506,22-05-2019,0.6526274653483782,-0.9333914987454033,5254,2,0,1,2,6,0,1
507,23-05-2019,0.6890660285152722,-1.1420067614362872,4494,3,0,1,2,6,0,1
508,24-05-2019,0.8712479133273427,-0.22718102606590826,5711,3,0,1,3,6,0,1
509,25-05-2019,1.0078856933141953,-0.6445663966974006,5317,3,1,0,3,6,0,1
510,26-05-2019,1.0762045833076215,0.10955577700091353,3681,2,1,0,3,6,0,1
511,27-05-2019,1.0625408053089365,0.31832588494152164,3308,1,1,0,3,6,0,1
512,28-05-2019,1.1855148072971038,0.07767055932854551,3486,1,0,1,3,6,0,1
513,29-05-2019,1.240169919291845,1.3535825132848713,4863,2,0,1,3,6,0,1
514,30-05-2019,0.8803589204968659,-0.7248407549085709,6110,3,0,1,2,6,0,1
515,31-05-2019,1.0078856933141953,0.061644075982094246,6238,3,0,1,3,6,0,1
516,01-06-2019,0.8666951424981808,0.6072671209268176,3594,3,1,0,2,8,0,1
517,02-06-2019,0.47955112219463164,-0.05083809417170288,5325,2,1,0,3,8,0,1
518,03-06-2019,0.584308575354952,-0.08277492692731231,5147,1,0,1,3,8,0,1
519,04-06-2019,0.5569810193575812,1.2172283671319322,5927,1,0,1,3,8,0,1
520,05-06-2019,0.24726689621698197,0.24611638348681855,6033,2,0,1,2,8,0,1
521,06-06-2019,0.32014402255076957,-1.4629880603436751,6028,3,0,1,3,8,0,1
522,07-06-2019,0.584308575354952,-0.4277830470835667,6456,3,0,1,3,8,0,1
523,08-06-2019,0.83936758650081,-0.19508934806057493,6248,3,1,0,3,8,0,1
524,09-06-2019,1.1764038001275805,-0.5963450051791328,4790,2,1,0,3,8,0,1
525,10-06-2019,1.2629447044600537,-0.7326862475612619,4374,1,0,1,3,8,0,1
526,11-06-2019,1.2310589121223217,0.22208956223795207,5647,1,0,1,2,8,0,1
527,12-06-2019,0.8621369061578195,0.31026102818505474,4495,2,0,1,2,8,0,1
528,13-06-2019,0.8758006841565046,1.9714021559134878,6248,3,0,1,3,8,0,1
529,14-06-2019,0.8348093501604487,0.8159210949301327,6183,3,0,1,3,8,0,1
530,15-06-2019,0.7847124745060688,-0.17916609488060614,6102,3,1,0,3,8,0,1
531,16-06-2019,0.7437211405100134,-0.3075586144435614,4739,2,1,0,3,8,0,1
532,17-06-2019,0.5296534633602108,-0.5883833785891488,4344,1,0,1,3,8,0,1
533,18-06-2019,0.3975684542025202,-0.20330905006676606,4446,1,0,1,2,8,0,1
534,19-06-2019,1.0534297981394132,-0.5482139400565376,5857,2,0,1,3,8,0,1
535,20-06-2019,1.568100591260292,-0.9895874206244656,5339,3,0,1,3,8,0,1
536,21-06-2019,1.695627364077621,-0.9253911608429879,5127,3,0,1,3,8,0,1
537,22-06-2019,1.5407730352629212,-0.09884012158619473,4859,3,1,0,3,8,0,1
538,23-06-2019,1.2902722604574242,-0.13911279028528842,4801,2,1,0,3,8,0,1
539,24-06-2019,1.354032914110489,-0.580370136915923,4340,1,0,1,3,8,0,1
540,25-06-2019,1.2037313561249514,1.417882003232832,5640,1,0,1,3,8,0,1
541,26-06-2019,0.739162904169652,2.027701307959033,6365,2,0,1,3,8,0,1
542,27-06-2019,1.1035321393049924,1.0487309278904178,6258,3,0,1,3,8,0,1
543,28-06-2019,1.3859187064482212,-0.24325912449560094,5958,3,0,1,3,8,0,1
544,29-06-2019,1.850487158403521,-0.32368832795649555,4634,3,1,0,3,8,0,1
545,30-06-2019,1.4724541452694946,-0.37976811589826454,4232,2,1,0,3,8,0,1
546,01-07-2019,1.7502824760723625,-0.28353179319469496,4110,1,0,1,3,7,0,1
547,02-07-2019,1.5635478204311297,0.06148923073236999,5323,1,0,1,3,7,0,1
548,03-07-2019,1.5589895840907684,-0.8292580683059009,5608,2,0,1,3,7,0,1
549,04-07-2019,1.6045391544271852,-0.7168275132353451,4841,3,1,0,3,7,0,1
550,05-07-2019,1.814048595236627,0.04551436246916014,4836,3,0,1,3,7,0,1
551,06-07-2019,1.8186013660657883,-0.5724085103259389,4841,3,1,0,3,7,0,1
552,07-07-2019,2.0007887163890588,-0.34772805297617226,3392,2,1,0,3,7,0,1
553,08-07-2019,1.7867210392392556,-0.8371035609585921,3469,1,0,1,3,7,0,1
554,09-07-2019,1.1764038001275805,-0.12293146168911288,5571,1,0,1,2,7,0,1
555,10-07-2019,1.2310589121223217,-0.500211912642046,5336,2,0,1,2,7,0,1
556,11-07-2019,1.2082895924653128,-0.5002635277252871,6289,3,0,1,3,7,0,1
557,12-07-2019,1.2037313561249514,-0.5642404234029889,6414,3,0,1,3,7,0,1
558,13-07-2019,1.2902722604574242,-1.4149215140751317,5988,3,1,0,2,7,0,1
559,14-07-2019,1.1354124661315246,-0.6041904978318241,4614,2,1,0,2,7,0,1
560,15-07-2019,1.3676966921091747,-0.3075586144435614,4111,1,0,1,3,7,0,1
561,16-07-2019,1.4633431380999713,-0.33955996605322253,5742,1,0,1,3,7,0,1
562,17-07-2019,1.7639462540710478,-0.9816257940344811,5865,2,0,1,3,7,0,1
563,18-07-2019,1.6273084740841952,-0.6846713163759598,4914,3,0,1,3,7,0,1
564,19-07-2019,1.4997817012668653,-0.3235334827067713,5703,3,0,1,3,7,0,1
565,20-07-2019,0.9304557961512457,0.23827089083412725,5123,3,1,0,2,7,0,1
566,21-07-2019,0.5478700121880579,0.2941829297553621,3195,2,1,0,1,7,0,1
567,22-07-2019,0.939566803320769,-1.246258906567245,4866,1,0,1,2,7,0,1
568,23-07-2019,1.3449273724521653,-0.668657736800319,5831,1,0,1,3,7,0,1
569,24-07-2019,1.3950242481065451,0.27036256883946097,6452,2,0,1,3,7,0,1
570,25-07-2019,1.2492809264613687,-0.3316499545464796,6790,3,0,1,3,7,0,1
571,26-07-2019,1.5362202644337595,1.2169702917157255,5825,3,0,1,3,7,0,1
572,27-07-2019,1.5635478204311297,-0.48401768027506026,5645,3,1,0,3,7,0,1
573,28-07-2019,1.4223518041039158,-0.4277830470835667,4451,2,1,0,3,7,0,1
574,29-07-2019,1.235617148462683,-0.2594404530917765,4444,1,0,1,3,7,0,1
575,30-07-2019,1.2857140241170628,-0.475952823518593,6065,1,0,1,3,7,0,1
576,31-07-2019,1.1900675781262657,-0.3235850977900127,6248,2,0,1,3,7,0,1
577,01-08-2019,1.2128423632944745,-0.6364499248576923,6506,3,0,1,3,8,0,1
578,02-08-2019,1.4041352552760682,-0.7890370146900486,6278,3,0,1,3,8,0,1
579,03-08-2019,1.4770069160986565,0.32633912661474745,5847,3,1,0,2,8,0,1
580,04-08-2019,1.6273084740841952,0.8639876411986762,4479,2,1,0,3,8,0,1
581,05-08-2019,1.4952289304377033,1.289334638420153,3757,1,0,1,3,8,0,1
582,06-08-2019,1.4041352552760682,-0.7890370146900486,5780,1,0,1,2,8,0,1
583,07-08-2019,1.3130415801144335,-0.9496373461956303,5995,2,0,1,2,8,0,1
584,08-08-2019,1.3904714772773832,-1.0297439553862662,6271,3,0,1,2,8,0,1
585,09-08-2019,1.4223518041039158,-0.44391276059650076,6090,3,0,1,3,8,0,1
586,10-08-2019,1.2037313561249514,0.6233968344397517,4721,3,1,0,2,8,0,1
587,11-08-2019,1.0762045833076215,0.2061663090579833,4052,2,1,0,2,8,0,1
588,12-08-2019,1.1217486881328393,-0.8773246145744443,4362,1,0,1,3,8,0,1
589,13-08-2019,1.2310589121223217,-0.7005429544726871,5676,1,0,1,3,8,0,1
590,14-08-2019,1.2629447044600537,-0.2754153213549863,5656,2,0,1,3,8,0,1
591,15-08-2019,1.1536344804705716,-0.2675053098482437,6149,3,0,1,3,8,0,1
592,16-08-2019,1.2219533704639978,-0.6284882982677079,6267,3,0,1,3,8,0,1
593,17-08-2019,1.244722690121007,0.5271476079653715,5665,3,1,0,3,8,0,1
594,18-08-2019,0.998774686144672,-0.16303638136767204,5038,2,1,0,3,8,0,1
595,19-08-2019,0.7664904601670224,-1.342660397537187,3341,1,0,1,2,8,0,1
596,20-08-2019,0.7664904601670224,-0.7809721579335813,5504,1,0,1,2,8,0,1
597,21-08-2019,0.83936758650081,-1.5191736592060892,5925,2,0,1,3,8,0,1
598,22-08-2019,0.939566803320769,-1.5512717890968277,6281,3,0,1,3,8,0,1
599,23-08-2019,1.094421132135469,-1.366586569373733,6402,3,0,1,3,8,0,1
600,24-08-2019,1.1308596953023626,-1.527238515962556,6257,3,1,0,2,8,0,1
601,25-08-2019,0.9076864764942367,0.6955934321236446,4224,2,1,0,2,8,0,1
602,26-08-2019,0.8621369061578195,0.49493979602274474,3772,1,0,1,2,8,0,1
603,27-08-2019,1.1354124661315246,-0.7970502563632741,5928,1,0,1,3,8,0,1
604,28-08-2019,1.2720502461183776,0.005461057873842407,6105,2,0,1,3,8,0,1
605,29-08-2019,1.035213249311566,-1.0057171341373996,6520,3,0,1,3,8,0,1
606,30-08-2019,1.1536344804705716,-1.463095161641401,6541,3,0,1,3,8,0,1
607,31-08-2019,1.4679013744403326,-0.28348017811145354,5917,3,1,0,3,8,0,1
608,01-09-2019,1.4086880261052301,-0.9976522773809324,3788,2,1,0,2,8,0,1
609,02-09-2019,1.0989793684758304,-1.6314364652561104,3197,1,1,0,2,8,0,1
610,03-09-2019,1.1581872512997335,-0.5081606354612198,4069,1,0,1,3,8,0,1
611,04-09-2019,1.2583864681196923,0.5912406375803664,5997,2,0,1,3,8,0,1
612,05-09-2019,1.3175998164547948,-0.03475999574201019,6280,3,0,1,3,8,0,1
613,06-09-2019,1.0989793684758304,-0.6204234415112411,5592,3,0,1,2,8,0,1
614,07-09-2019,1.1354124661315246,-0.24331073957884236,6459,3,1,0,3,8,0,1
615,08-09-2019,0.8940226984955512,1.169110205780147,4419,2,1,0,2,8,0,1
616,09-09-2019,0.6252999093510079,0.4386535477480101,5657,1,0,1,3,8,0,1
617,10-09-2019,0.47955112219463164,0.8801818735656616,6407,1,0,1,3,8,0,1
618,11-09-2019,0.4476707953680989,-1.270345085161839,6697,2,0,1,3,8,0,1
619,12-09-2019,0.5660920265271049,-0.7568808178306632,6820,3,0,1,3,8,0,1
620,13-09-2019,0.6389636873496931,-1.390781139643134,6750,3,0,1,3,8,0,1
621,14-09-2019,0.7528266821683373,-1.1179670364166103,6630,3,1,0,3,8,0,1
622,15-09-2019,0.6161889021814841,0.7357628706562555,5554,2,1,0,3,8,0,1
623,16-09-2019,0.4613345733667845,-1.2944867499709176,5167,1,0,1,3,8,0,1
624,17-09-2019,0.46588734419594646,-0.500147393787994,5847,1,0,1,2,8,0,1
625,18-09-2019,0.6981715701735961,2.156029308667936,3702,2,0,1,2,8,0,1
626,19-09-2019,0.31103301538124634,0.31837750002476306,6803,3,0,1,3,8,0,1
627,20-09-2019,0.2791526885547141,-0.9333914987454033,6781,3,0,1,3,8,0,1
628,21-09-2019,0.5660920265271049,-0.4680557157826607,6917,3,1,0,3,8,0,1
629,22-09-2019,0.843920357329972,1.2010986536189978,5883,2,1,0,3,8,0,1
630,23-09-2019,0.18350624256391704,0.42267867948479987,5453,1,0,1,3,8,0,1
631,24-09-2019,0.10152357457180511,-0.620642805615017,6435,1,0,1,3,8,0,1
632,25-09-2019,0.2973692373825612,0.5912406375803664,6693,2,0,1,3,8,0,1
633,26-09-2019,0.7619376893378604,0.6954902019571617,6946,3,0,1,3,8,0,1
634,27-09-2019,0.843920357329972,-0.7246730058880364,6642,3,0,1,2,8,0,1
635,28-09-2019,0.6754022505165866,-0.3396631962197054,6370,3,1,0,2,8,0,1
636,29-09-2019,0.25637790338650523,0.4787584674265692,5966,2,1,0,3,8,0,1
637,30-09-2019,0.16984246456523186,-0.7167242830688626,4874,1,0,1,3,8,0,1
638,01-10-2019,0.13795667222749974,-1.286474798674773,6015,1,0,1,2,7,0,1
639,02-10-2019,0.5205424561906876,-1.1100699286806777,4324,2,0,1,1,7,0,1
640,03-10-2019,0.8849116913260279,-1.5994996325005006,6844,3,0,1,2,7,0,1
641,04-10-2019,0.8849116913260279,-0.9414047404186289,6437,3,0,1,2,7,0,1
642,05-10-2019,0.6526274653483782,-1.0858753584112768,6640,3,1,0,3,7,0,1
643,06-10-2019,0.32014402255076957,1.0003417873516152,4934,2,1,0,3,7,0,1
644,07-10-2019,-0.4359220037172818,-0.6366692889614682,2729,1,0,1,2,7,0,1
645,08-10-2019,-0.6135511177001903,-0.01061704055585028,4604,1,0,1,2,7,0,1
646,09-10-2019,-0.2673984313926971,-0.0026037988826248175,5791,2,0,1,2,7,0,1
647,10-10-2019,0.10152357457180511,-0.034592246721475664,6911,3,0,1,3,7,0,1
648,11-10-2019,-0.3311645505569614,-0.11491822001588742,6736,3,0,1,3,7,0,1
649,12-10-2019,-0.3175007725582763,0.5753819032544493,6222,3,1,0,3,7,0,1
650,13-10-2019,-0.5588960057054492,-0.5724085103259389,4857,2,1,0,3,7,0,1
651,14-10-2019,0.14251490856786106,1.1369540089207615,4559,1,1,0,3,7,0,1
652,15-10-2019,0.36113535654682555,1.3618022152910632,5115,1,0,1,2,7,0,1
653,16-10-2019,-0.14898266574489102,-0.1068533632594202,6612,2,0,1,3,7,0,1
654,17-10-2019,-0.2173015557383173,-1.1501232332759956,6482,3,0,1,3,7,0,1
655,18-10-2019,0.14706767939702298,0.5991893603995401,6501,3,0,1,2,7,0,1
656,19-10-2019,0.3702408982051494,-0.7167758981521037,4671,3,1,0,2,7,0,1
657,20-10-2019,-0.06244176141241777,-0.941520874355922,5284,2,1,0,3,7,0,1
658,21-10-2019,-0.1717519854019,-0.3154686259503044,4692,1,0,1,3,7,0,1
659,22-10-2019,-0.04422521258457069,-1.4067495560209387,6228,1,0,1,3,7,0,1
660,23-10-2019,0.26548891055602847,-1.2381940498107777,6625,2,0,1,3,7,0,1
661,24-10-2019,0.50232590736284,-1.5190652675312823,6898,3,0,1,3,7,0,1
662,25-10-2019,0.2973692373825612,-0.8532848895547673,6484,3,0,1,2,7,0,1
663,26-10-2019,0.2745944522143523,-0.7488675761574374,6262,3,1,0,2,7,0,1
664,27-10-2019,0.18805901339307896,0.5831241657406577,5209,2,1,0,2,7,0,1
665,28-10-2019,-0.09888032457931181,2.6776126285929824,3461,1,0,1,2,7,0,1
666,29-10-2019,-0.3038369945595911,2.1639393201746793,20,1,0,1,1,7,0,1
667,30-10-2019,-0.9696346378571281,0.2904279324495511,1009,2,0,1,2,7,0,1
668,31-10-2019,-0.754741668516205,-0.3075586144435614,5147,3,0,1,2,7,0,1
669,01-11-2019,-0.7091975636909874,-0.4278346621668081,5520,3,0,1,2,6,0,1
670,02-11-2019,-0.7684054465148904,0.9764698113524733,5229,3,1,0,3,6,0,1
671,03-11-2019,-0.8321715656791547,1.0326528294607251,4109,2,1,0,2,6,0,1
672,04-11-2019,-0.9278180116699518,-0.14702280179203137,3906,1,0,1,3,6,0,1
673,05-11-2019,-0.9642511093256463,0.5912922526636074,4881,1,0,1,3,6,0,1
674,06-11-2019,-1.1737660156462866,-0.21921939947592423,5220,2,0,1,3,6,0,1
675,07-11-2019,-1.091783347654175,1.4659485495013755,4709,3,0,1,2,6,0,1
676,08-11-2019,-0.7838509811646043,2.0301917357254298,4975,3,0,1,3,6,0,1
677,09-11-2019,-0.7319668833479963,0.310415873434779,5283,3,1,0,3,6,0,1
678,10-11-2019,-0.5816653253624584,-1.7117624385505221,4446,2,1,0,3,6,0,1
679,11-11-2019,-0.40859444771991144,-0.8129606057724322,4562,1,1,0,3,6,0,1
680,12-11-2019,-0.057888990583255855,-0.2191677843926828,5172,1,0,1,3,6,0,1
681,13-11-2019,-0.8321715656791547,1.9554918065043296,3767,2,0,1,2,6,0,1
682,14-11-2019,-1.1282164453098693,0.11772386392386325,5122,3,0,1,3,6,0,1
683,15-11-2019,-0.9505873313269608,-0.48408219912911193,5125,3,0,1,2,6,0,1
684,16-11-2019,-0.8230605585096316,-0.2513239812520682,5214,3,1,0,3,6,0,1
685,17-11-2019,-0.9323707824991138,-0.13900956011880558,4316,2,1,0,3,6,0,1
686,18-11-2019,-0.8367243365083167,0.478861697593052,3747,1,0,1,3,6,0,1
687,19-11-2019,-0.6272148956988757,0.5750593089841908,5050,1,0,1,2,6,0,1
688,20-11-2019,-0.66364799335457,-1.3907269438057306,5100,2,0,1,2,6,0,1
689,21-11-2019,-0.7775164536844137,-1.1259286630065946,4531,3,0,1,3,6,0,1
690,22-11-2019,-0.8503881145070021,-1.7759586983319995,1470,3,0,1,3,6,0,1
691,23-11-2019,-0.695533785692302,-0.5481623249732962,2307,3,1,0,3,6,0,1
692,24-11-2019,-1.187429793644972,2.404865624974673,1745,2,1,0,3,6,0,1
693,25-11-2019,-1.3650589076278805,-0.5161738771344453,2115,1,0,1,3,6,0,1
694,26-11-2019,-0.9961369016633781,-1.8562304757890076,4750,1,0,1,3,6,0,1
695,27-11-2019,-1.1145526673111843,0.607254217156007,3836,2,0,1,2,6,0,1
696,28-11-2019,-1.0872251113138136,0.26219448191651124,5062,3,1,0,3,6,0,1
697,29-11-2019,-1.1735637917319062,-0.9675219725387717,5080,3,0,1,3,6,0,1
698,30-11-2019,-1.0781195696554897,-1.703697581794055,5306,3,1,0,3,6,0,1
699,01-12-2019,-1.0781195696554897,-1.6877820708765725,4240,2,1,0,2,4,0,1
700,02-12-2019,-0.8093967805109461,-0.8532332744715262,3757,1,0,1,2,4,0,1
701,03-12-2019,-0.23551810456616484,-1.390781139643134,5679,1,0,1,3,4,0,1
702,04-12-2019,-0.10799133174883506,-0.2112706766567501,6055,2,0,1,3,4,0,1
703,05-12-2019,-0.31294800172911436,1.7229013376478202,5398,3,0,1,3,4,0,1
704,06-12-2019,-1.3104037956331394,-0.20320581990028322,5035,3,0,1,3,4,0,1
705,07-12-2019,-0.9551455676673222,-0.7729589162603558,4659,3,1,0,2,4,0,1
706,08-12-2019,-0.6226566593585143,-1.150020003109513,4429,2,1,0,2,4,0,1
707,09-12-2019,-0.608992881359829,-0.4197181903270998,2787,1,0,1,2,4,0,1
708,10-12-2019,-0.32661177972779953,-0.002500568716141979,4841,1,0,1,2,4,0,1
709,11-12-2019,-0.7775164536844137,1.3618022152910632,5219,2,0,1,2,4,0,1
710,12-12-2019,-1.0826723404846517,-0.35568967956615666,5009,3,0,1,2,4,0,1
711,13-12-2019,-1.091783347654175,-0.2112706766567501,5107,3,0,1,3,4,0,1
712,14-12-2019,-1.1692077793059252,-0.7648424444206472,5182,3,1,0,3,4,0,1
713,15-12-2019,-0.9369235533282757,-1.0858753584112768,4280,2,1,0,3,4,0,1
714,16-12-2019,-0.7274141125188345,-1.158239705115704,3248,1,0,1,2,4,0,1
715,17-12-2019,-0.5588960057054492,-1.1902888006773635,4373,1,0,1,2,4,0,1
716,18-12-2019,-0.4632495597146526,0.39875508840241625,5124,2,0,1,3,4,0,1
717,19-12-2019,-0.8913794485030578,-0.08271040807326062,4934,3,0,1,3,4,0,1
718,20-12-2019,-0.9050432265017432,-0.7489191912406788,3814,3,0,1,2,4,0,1
719,21-12-2019,-0.9232597753295902,2.3727610431985284,3402,3,1,0,2,4,0,1
720,22-12-2019,-1.2557486836383984,2.798108040420005,1544,2,1,0,3,4,0,1
721,23-12-2019,-1.3650589076278805,-0.7409188533382636,1379,1,0,1,3,4,0,1
722,24-12-2019,-1.44446731984504,-1.4616280029002646,746,1,0,1,2,4,0,1
723,25-12-2019,-1.1165366478765932,-0.2809897503450565,573,2,1,0,2,4,0,1
724,26-12-2019,-1.3787226856265657,1.6264456508404745,432,3,0,1,1,4,0,1
725,27-12-2019,-1.3195093372914632,2.0598446010476077,1867,3,0,1,2,4,0,1
726,28-12-2019,-1.3240675736318246,-0.4520292324362094,2451,3,1,0,2,4,0,1
727,29-12-2019,-1.3240675736318246,-0.8531816593882848,1182,2,1,0,2,4,0,1
728,30-12-2019,-1.3104037956331394,2.067857842720833,1432,1,0,1,3,4,0,1
729,31-12-2019,-1.529024243612104,-0.4600940891926763,2290,1,0,1,2,4,0,1
