,short_name,capacity,name,region_id,lat,lon
0,31000,15,Eads St & 15th St S,41,38.858971,-77.05323
1,31002,17,Crystal Dr & 20th St S,41,38.856425,-77.049232
2,31003,16,Crystal Dr & 15th St S,41,38.861056,-77.049417
3,31004,12,Aurora Hills Cmty Ctr / 18th St & S Hayes St,41,38.857866,-77.05949
4,31005,19,Pentagon City Metro / 12th St & S Hayes St,41,38.862303,-77.059936
5,31006,16,Army Navy Dr & S Joyce St,41,38.86331354301248,-77.06341624259947
6,31007,19,Crystal City Metro / 18th St & S Bell St,41,38.85778509815245,-77.05169767141342
7,31009,12,Crystal Dr & 27th St S,41,38.848466,-77.051514
8,31010,11,S Glebe Rd & Potomac Ave,41,38.8426,-77.0502
9,31011,17,Crystal Dr & 23rd St S,41,38.852929,-77.049723
10,31012,12,Clark St & 26th St S,41,38.850688,-77.05152
11,31100,15,19th St & Pennsylvania Ave NW,42,38.9003,-77.0429
12,31101,31,14th & V St NW,42,38.9177645,-77.032096
13,31102,39,11th & Kenyon St NW,42,38.929464,-77.027822
14,31104,19,Adams Mill & Columbia Rd NW,42,38.9228491613136,-77.04252451658249
15,31105,19,14th & Harvard St NW,42,38.9268,-77.0322
16,31106,23,Calvert & Biltmore St NW,42,38.923203,-77.047637
17,31107,19,Lamont & Mt Pleasant NW,42,38.9319,-77.0388
18,31108,23,4th & M St SW,42,38.876697,-77.0178975
19,31201,19,15th & P St NW,42,38.90980062655191,-77.03442692756653
20,31202,19,14th & R St NW,42,38.913046,-77.032008
21,31203,23,14th & Rhode Island Ave NW,42,38.9086,-77.0323
22,31204,15,20th & E St NW,42,38.8963,-77.045
23,31205,35,21st & I St NW,42,38.90071062547463,-77.04644858837128
24,31400,19,Georgia & New Hampshire Ave NW,42,38.9366839345886,-77.02418088912964
25,31401,19,14th St & Spring Rd NW,42,38.9375,-77.0328
26,31502,11,John McCormack Dr & Michigan Ave NE,42,38.9346,-76.9955
27,31600,19,5th & K St NW,42,38.90304,-77.019027
28,31601,15,19th & East Capitol St SE,42,38.8896,-76.9769
29,31602,35,Park Rd & Holmead Pl NW,42,38.9308,-77.0315
30,31700,19,Good Hope & Naylor Rd SE,42,38.861663,-76.969184
31,31305,11,Connecticut Ave & Macomb St NW / Cleveland Park,42,38.93362634918731,-77.0575301349163
32,31702,11,Randle Circle & Minnesota Ave SE,42,38.878,-76.9607
33,31703,15,Minnesota Ave Metro/DOES,42,38.897063,-76.947446
34,31704,11,Nannie Helen Burroughs & Minnesota Ave NE,42,38.901385,-76.941877
35,31801,19,Anacostia Metro,42,38.862669,-76.994637
36,31802,11,Good Hope Rd & MLK Ave SE,42,38.867373,-76.988039
37,31206,11,19th & E Street NW,42,38.8952,-77.0436
38,31500,15,4th & W St NE,42,38.919077,-77.000648
39,31111,15,10th & U St NW,42,38.9172,-77.0259
40,31207,15,Georgia Ave & Fairmont St NW,42,38.924784585266956,-77.02232748270035
41,31209,39,1st & N St SE,42,38.874101857715736,-77.00579434633255
42,31110,15,20th St & Florida Ave NW,42,38.9154,-77.0446
43,31109,15,7th & T St NW,42,38.9156929,-77.021703
44,31013,15,Eads St & 22nd St S,41,38.85438051517749,-77.05341160297394
45,31208,17,M St & New Jersey Ave SE,42,38.8763,-77.0037
46,31200,45,Massachusetts Ave & Dupont Circle NW,42,38.9101,-77.0444
47,31603,15,1st & M St NE,42,38.905697,-77.005483
48,31212,19,New Hampshire Ave & Ward Pl NW,42,38.90571079190728,-77.0473176240921
49,31213,23,17th & K St NW,42,38.90276,-77.03863
50,31604,15,3rd & H St NW,42,38.899408,-77.015289
51,31605,11,3rd & D St SE,42,38.8851,-77.0023
52,31606,15,Potomac & Pennsylvania Ave SE,42,38.8803,-76.9862
53,31607,15,13th & E St SE,42,38.88291548476762,-76.98790669441223
54,31214,19,17th & Corcoran St NW,42,38.9121,-77.0387
55,31300,15,Van Ness Metro / UDC,42,38.944551,-77.063896
56,31503,15,Florida Ave & R St NW,42,38.9126,-77.0135
57,31608,11,8th & Eye St SE / Barracks Row,42,38.8792,-76.9953
58,31301,15,Ward Circle / American University,42,38.938736,-77.087171
59,31302,19,Wisconsin Ave & Newark St NW,42,38.934881,-77.072755
60,31402,11,14th St Heights / 14th & Crittenden St NW,42,38.947774,-77.032818
61,31804,11,Anacostia Library,42,38.865784,-76.9784
62,31805,11,Pennsylvania & Minnesota Ave SE,42,38.873057,-76.971015
63,31610,15,Eastern Market / 7th & North Carolina Ave SE,42,38.886952,-76.996806
64,31216,23,14th St & New York Ave NW,42,38.899632,-77.031686
65,31705,11,Benning Branch Library,42,38.894,-76.947974
66,31217,39,USDA / 12th & C St SW,42,38.88627694506511,-77.02824175357819
67,31215,19,Georgetown Harbor / 30th St NW,42,38.902314,-77.0591415
68,31501,11,12th & Newton St NE,42,38.933668,-76.991016
69,31220,15,US Dept of State / Virginia Ave & 21st St NW,42,38.894919,-77.046587
70,31218,15,L'Enfant Plaza / 7th & C St SW,42,38.886266,-77.022241
71,31219,31,10th St & Constitution Ave NW,42,38.893028,-77.026013
72,31211,19,Kennedy Center,42,38.897293,-77.05557
73,31613,19,Eastern Market Metro / Pennsylvania Ave & 8th St SE,42,38.88409514578027,-76.99523448944092
74,31221,27,18th & M St NW,42,38.90506687455313,-77.04177886247635
75,31303,15,Tenleytown / Wisconsin Ave & Albemarle St NW,42,38.947607,-77.079382
76,31611,27,13th & H St NE,42,38.90042673988099,-76.98825001716614
77,31620,31,5th & F St NW,42,38.897222,-77.019347
78,31222,19,New York Ave & 15th St NW,42,38.89903234416315,-77.03335404396057
79,31223,23,Convention Center / 7th & M St NW,42,38.905737,-77.02227
80,31112,15,Harvard St & Adams Mill Rd NW,42,38.927872,-77.043358
81,31224,19,18th & L St NW,42,38.903741450919384,-77.04245209693909
82,31225,23,C & O Canal & Wisconsin Ave NW,42,38.90375,-77.06269
83,31609,19,Maine Ave & 7th St SW,42,38.878693599396954,-77.02305436134338
84,31612,23,D St & Maryland Ave NE,42,38.89484064247075,-76.99591577053069
85,31226,11,34th St & Wisconsin Ave NW,42,38.916442,-77.0682
86,31227,23,13th St & New York Ave NW,42,38.900283,-77.029822
87,31228,33,8th & H St NW,42,38.8997,-77.023086
88,31504,19,10th & Monroe St NE,42,38.932456900063606,-76.99353396892548
89,31505,23,Eckington Pl & Q St NE,42,38.910972,-77.00495
90,31615,23,6th & H St NE,42,38.899972,-76.998347
91,31616,19,3rd & H St NE,42,38.900412,-77.001949
92,31617,15,Bladensburg Rd & Benning Rd NE,42,38.900413,-76.982872
93,31618,11,4th & East Capitol St NE,42,38.889955,-77.000349
94,31619,25,Lincoln Park / 13th & East Capitol St NE ,42,38.890461,-76.988355
95,31701,11,Branch & Pennsylvania Ave SE,42,38.8692,-76.9599
96,31622,31,13th & D St NE,42,38.894832,-76.987633
97,31229,23,New Hampshire Ave & T St NW,42,38.915544,-77.038252
98,31230,39,Metro Center / 12th & G St NW,42,38.89832574246664,-77.02795878052711
99,31231,25,14th & D St NW / Ronald Reagan Building,42,38.894514,-77.031617
100,31232,27,7th & F St NW / National Portrait Gallery,42,38.89728304853854,-77.02219069004059
101,31233,35,17th & K St NW / Farragut Square,42,38.902061,-77.038322
102,31234,19,20th & O St NW / Dupont South,42,38.908905,-77.04478
103,31621,15,4th & D St NW / Judiciary Square,42,38.895344,-77.016106
104,31235,35,19th St & Constitution Ave NW,42,38.89221235271478,-77.04307436943054
105,31236,23,37th & O St NW / Georgetown University,42,38.90774,-77.071652
106,31237,15,25th St & Pennsylvania Ave NW,42,38.903827,-77.053485
107,31623,55,Columbus Circle / Union Station,42,38.89696,-77.00493
108,31624,23,North Capitol St & F St NW,42,38.897446,-77.009888
109,31266,23,11th & M St NW,42,38.9055785,-77.027313
110,31304,15,36th & Calvert St NW / Glover Park,42,38.922581,-77.070334
111,31238,23,14th & G St NW,42,38.89816396413188,-77.03189760446548
112,31052,15,Potomac Ave & 35th St S,41,38.844015,-77.050537
113,31240,31,Ohio Dr & West Basin Dr SW / MLK & FDR Memorials,42,38.88412,-77.04657
114,31262,15,11th & F St NW,42,38.897857,-77.026975
115,31260,19,23rd & E St NW ,42,38.896104,-77.049882
116,31014,27,Lynn St & 19th St North,41,38.897315,-77.070993
117,31015,19,Wilson Blvd & Ft Myer Dr,41,38.8946,-77.072305
118,31016,15,Clarendon Blvd & Pierce St,41,38.893438,-77.076389
119,31017,15,Wilson Blvd & N Uhle St,41,38.891696,-77.0846
120,31018,12,Rhodes St & 16th St N,41,38.892164,-77.079375
121,31706,15,Fairfax Village,42,38.86559,-76.952103
122,31261,15,Virginia Ave & C St NW,42,38.89388766381858,-77.04439267516136
123,31019,15,Wilson Blvd & N Edgewood St,41,38.889396070923496,-77.09186241030693
124,31113,19,Columbia Rd & Belmont St NW,42,38.920669,-77.04368
125,31239,23,Rhode Island & Connecticut Ave NW,42,38.905995699991145,-77.03980207443237
126,31241,33,Thomas Circle,42,38.9059,-77.0325
127,31020,12,Wilson Blvd & N Franklin Rd,41,38.8904,-77.0889
128,31021,15,Clarendon Blvd & N Fillmore St,41,38.8881,-77.09308
129,31022,21,Clarendon Metro / Wilson Blvd & N Highland St,41,38.88701007722296,-77.09525674581528
130,31242,27,18th St & Pennsylvania Ave NW,42,38.899680000000004,-77.041539
131,31243,39,4th & C St SW,42,38.88637194054526,-77.01770067214966
132,31244,19,4th & E St SW,42,38.88412,-77.017445
133,31625,19,3rd & G St SE,42,38.881185,-77.001828
134,31245,15,7th & R St NW / Shaw Library,42,38.912719,-77.022155
135,31404,15,9th & Upshur St NW,42,38.9418,-77.0251
136,31506,15,1st & Rhode Island Ave NW,42,38.915417,-77.012289
137,31115,27,Columbia Rd & Georgia Ave NW,42,38.92812111132096,-77.0237946510315
138,31116,19,California St & Florida Ave NW,42,38.917761,-77.04062
139,31707,19,Benning Rd & East Capitol St NE / Benning Rd Metro,42,38.889935,-76.93723
140,31307,15,3000 Connecticut Ave NW / National Zoo,42,38.930282,-77.055599
141,31708,15,Anacostia Ave & Benning Rd NE / River Terrace ,42,38.896544,-76.96012
142,31246,19,M St & Pennsylvania Ave NW,42,38.905126,-77.056887
143,31626,15,15th St & Massachusetts Ave SE,42,38.88732,-76.983569
144,31806,15,Congress Heights Metro,42,38.844711,-76.987823
145,31035,12,N Quincy St & Glebe Rd,41,38.876393,-77.107735
146,31033,11,Barcroft Community Center,41,38.85033657788445,-77.1009886264801
147,31029,16,N Veitch St & 20th St N,41,38.896923,-77.086502
148,31263,23,10th & K St NW,42,38.9024,-77.02622
149,31023,12,Fairfax Dr & Wilson Blvd,41,38.885801,-77.097745
150,31027,17,Wilson Blvd & N Quinn St,41,38.893993,-77.07857
151,31628,23,1st & I St SE,42,38.878854378063295,-77.00572729110718
152,31306,19,39th & Calvert St NW / Stoddert,42,38.922649,-77.077271
153,31507,15,1st & Washington Hospital Center NW,42,38.928743,-77.012457
154,31024,19,Virginia Square Metro / Monroe St & 9th St N,41,38.882788,-77.103148
155,31025,12,Central Library / Quincy St & 10th St N,41,38.88397,-77.10783
156,31026,15,Washington Blvd & 10th St N,41,38.884734,-77.093485
157,31247,23,Jefferson Dr & 14th St SW,42,38.8885525,-77.032427
158,31248,35,Smithsonian-National Mall / Jefferson Dr & 12th St SW,42,38.888774,-77.028694
159,31036,15,George Mason Dr & Wilson Blvd,41,38.87887,-77.1207
160,31264,19,6th St & Indiana Ave NW,42,38.894573,-77.01994
161,31028,11,N Veitch St & Key Blvd,41,38.893237,-77.086063
162,31030,15,Langston Blvd & N Adams St,41,38.89593,-77.089006
163,31031,15,15th St & N Scott St,41,38.89054,-77.08095
164,31032,12,Washington Blvd & 7th St N,41,38.88081,-77.090792
165,31037,23,Ballston Metro / Stuart St & 9th St N,41,38.881044,-77.111768
166,31034,15,Fairfax Dr & N Randolph St,41,38.882629,-77.109366
167,31249,23,Jefferson Memorial,42,38.879819,-77.037413
168,31803,15,Good Hope Rd & 14th St SE,42,38.866611,-76.985238
169,31038,12,Glebe Rd & 11th St N,41,38.883921,-77.116817
170,31039,15,Wilson Blvd & N Quincy St,41,38.880012,-77.107854
171,31040,11,GMU/Fairfax Dr & Kenmore St,41,38.884702715757356,-77.10030198097229
172,31508,19,Gallaudet / 8th St & Florida Ave NE,42,38.90509,-76.9941
173,31250,19,20th & L St NW,42,38.903584,-77.044789
174,31251,19,12th & L St NW,42,38.903819,-77.0284
175,31252,19,21st St & Pennsylvania Ave NW,42,38.901539,-77.046564
176,31253,23,19th & K St NW,42,38.902204,-77.04337
177,31041,19,Prince St & Union St,40,38.803124,-77.040363
178,31042,15,Market Square / King St & Royal St,40,38.804718,-77.043363
179,31043,15,St Asaph & Pendleton St,40,38.81074147938705,-77.0446327328682
180,31044,15,King St & Patrick St,40,38.805317,-77.049883
181,31254,27,15th & K St NW,42,38.902,-77.03353
182,31045,15,Commerce St & Fayette St,40,38.805648,-77.05293
183,31046,17,Henry St & Pendleton St,40,38.811456,-77.050276
184,31047,29,Braddock Rd Metro North,40,38.814577,-77.052808
185,31048,23,King St Metro South,40,38.80576284873485,-77.060626745224
186,31255,15,24th & N St NW,42,38.9066,-77.05152
187,31256,15,10th & E St NW,42,38.895914,-77.026064
188,31257,15,22nd & I St NW / Foggy Bottom,42,38.90088,-77.048911
189,31050,12,Barton St & 10th St N,41,38.884961,-77.08777
190,31051,11,Arlington Blvd & N Queen St,41,38.889365,-77.077294
191,31258,25,Lincoln Memorial,42,38.888255,-77.0494365
192,31259,15,20th St & Virginia Ave NW,42,38.894722,-77.045128
193,31265,19,5th St & Massachusetts Ave NW,42,38.90093,-77.018677
194,31308,15,39th & Veazey St NW,42,38.943837,-77.077078
195,31309,15,Fessenden St & Wisconsin Ave NW,42,38.954812,-77.082426
196,31627,23,3rd & M St NE,42,38.905469714943266,-77.0021304488182
197,31053,15,Columbia Pike & S Courthouse Rd,41,38.863833,-77.080319
198,31054,12,Wakefield High School,41,38.847129045742605,-77.1125502884388
199,31055,15,28th St & S Meade St,41,38.846222,-77.069275
200,31114,23,18th St & Wyoming Ave NW,42,38.918809,-77.041571
201,31403,15,5th & Kennedy St NW,42,38.956555547721955,-77.0198142528534
202,31405,19,Georgia Ave & Emerson St NW,42,38.949662000000004,-77.027333
203,31406,19,14th & Upshur St NW,42,38.942475355602845,-77.03267812728882
204,31407,19,14th St & Colorado Ave NW,42,38.956432,-77.032947
205,31056,12,Troy St & 26th St S,41,38.847977,-77.075104
206,31057,11,Four Mile Run Dr & S Shirlington Rd,41,38.8444,-77.085931
207,31058,11,Columbia Pike & Monroe St,41,38.860343910937175,-77.09367156028748
208,31059,11,Four Mile Run Dr & S Walter Reed Dr,41,38.84736,-77.095431
209,31060,15,S Arlington Mill Dr & Campbell Ave,41,38.84232,-77.089555
210,31061,11,Kenmore St & 24th St S,41,38.848454,-77.084918
211,32006,15,13th St & Eastern Ave,44,38.987,-77.029417
212,31312,19,Wisconsin Ave & O St NW,42,38.90849,-77.063586
213,31062,17,Roosevelt Island,41,38.896553,-77.06714
214,31310,23,Connecticut & Nebraska Ave NW,42,38.955016,-77.069956
215,31267,19,17th St & Massachusetts Ave NW,42,38.908142,-77.038359
216,31117,15,15th & Euclid St NW,42,38.92333,-77.0352
217,31629,11,8th & East Capitol St NE,42,38.889988,-76.995193
218,31509,15,New Jersey Ave & R St NW,42,38.912659,-77.017669
219,31630,11,15th & East Capitol St NE,42,38.889908,-76.983326
220,31631,23,8th & F St NE,42,38.897274,-76.994749
221,31510,15,18th St & Rhode Island Ave NE,42,38.927095,-76.978924
222,31632,19,15th & F St NE,42,38.897194999999996,-76.983575
223,31511,15,12th & Irving St NE,42,38.928644,-76.990955
224,31800,11,Alabama & MLK Ave SE,42,38.84322988730829,-76.99937582015991
225,31807,11,Pleasant St & MLK Ave SE,42,38.863897,-76.990037
226,31512,15,Neal St & Trinidad Ave NE,42,38.903732,-76.987211
227,31268,31,12th & U St NW,42,38.916787,-77.028139
228,31063,11,S George Mason & Four Mile Run Dr,41,38.852248,-77.105022
229,31064,17,Gravelly Point,41,38.865029,-77.039511
230,31065,11,Pershing Dr & Wayne St,41,38.880705,-77.08596
231,31066,11,Columbia Pike & S Orme St,41,38.867262,-77.072315
232,31269,15,3rd St & Pennsylvania Ave SE,42,38.887378,-77.001955
233,31270,15,8th & D St NW,42,38.894851,-77.02324
234,31118,15,3rd & Elm St NW,42,38.917622,-77.01597
235,31513,19,Rhode Island Ave & V St NE,42,38.918155,-77.004746
236,31271,27,Constitution Ave & 2nd St NW/DOL,42,38.892275,-77.013917
237,31272,31,Washington & Independence Ave SW/HHS,42,38.886978,-77.013769
238,31633,15,Independence Ave & L'Enfant Plaza SW/DOE,42,38.887312,-77.025762
239,31514,15,Hamlin & 7th St NE,42,38.927497,-76.997194
240,31067,12,Columbia Pike & S Walter Reed Dr,41,38.862478,-77.086599
241,31068,15,Arlington Mill Cmty Center / Columbia Pike & S Dinwiddie St,41,38.856319,-77.11153
242,31069,11,Pershing Dr & N George Mason Dr,41,38.871822,-77.107906
243,32001,15,Fenton St & New York Ave ,44,38.985404,-77.023082
244,32002,19,Bethesda Ave & Arlington Rd,44,38.981103,-77.097426
245,32003,11,Montgomery Ave & Waverly St ,44,38.983838,-77.09221
246,32004,19,Fallsgrove Blvd & Fallsgrove Dr,43,39.096312,-77.192672
247,32005,19,Traville Gateway Dr & Gudelsky Dr,43,39.093783,-77.202501
248,32000,11,Norfolk Ave & Fairmont St,44,38.988562,-77.096539
249,32007,15,E Montgomery Ave & Maryland Ave,43,39.084125,-77.151291
250,32008,11,Cordell & Norfolk Ave,44,38.98954,-77.098029
251,32009,9,Frederick Ave & Horners Ln,43,39.094772,-77.145213
252,32011,19,Maple & Ritchie Ave,44,38.983627,-77.006311
253,32012,19,Silver Spring Metro / Colesville Rd & Wayne Ave,44,38.995256441231696,-77.02912420034409
254,32013,11,Montgomery & East Ln,44,38.983525,-77.095367
255,32014,19,Friendship Hts Metro / Wisconsin Ave & Wisconsin Cir,44,38.961763,-77.085998
256,31119,15,14th & Belmont St NW,42,38.921074,-77.031887
257,31634,19,3rd & Tingey St SE,42,38.87501,-77.0024
258,31120,19,10th St & Florida Ave NW,42,38.920387,-77.025672
259,31635,15,Potomac Ave & 8th St SE,42,38.876737,-76.994468
260,32016,15,Fallsgrove Dr & W Montgomery Ave,43,39.099376,-77.188014
261,32017,15,Monroe St & Monroe Pl,43,39.083673,-77.149162
262,32018,15,Needwood Rd & Eagles Head Ct,43,39.123513,-77.15741
263,32019,15,East West Hwy & Blair Mill Rd,44,38.990249,-77.02935
264,32021,15,47th & Elm St,44,38.982456,-77.091991
265,32022,15,Dennis Ave & Amherst Ave,44,39.02538719623632,-77.04456299543381
266,32023,21,Montgomery College / W Campus Dr & Mannakee St,43,39.095661,-77.159048
267,32024,11,Fenton St & Gist Ave,44,38.989724,-77.023854
268,32025,15,Carroll & Westmoreland Ave,44,38.975,-77.01121
269,32026,15,Carroll & Ethan Allen Ave,44,38.977933,-77.006472
270,32027,15,Battery Ln & Trolley Trail,44,38.992375,-77.100104
271,32028,11,Norfolk & Rugby Ave,44,38.990639,-77.100239
272,32029,11,Offutt Ln & Chevy Chase Dr,44,38.977092999999996,-77.094589
273,32032,15,Fleet St & Ritchie Pkwy,43,39.076331,-77.141378
274,32033,19,Piccard & W Gude Dr,43,39.102212,-77.177091
275,32034,15,Silver Spring Transit Center - Top Level,44,38.99403485060837,-77.03037142753601
276,32035,11,Georgia Ave & Spring St,44,38.999388,-77.031555
277,32036,15,Fenton St & Ellsworth Dr ,44,38.997033,-77.025608
278,32037,18,King Farm Blvd & Pleasant Dr,43,39.114688,-77.171487
279,32038,15,King Farm Blvd & Piccard Dr,43,39.110314,-77.182669
280,31121,19,Calvert St & Woodley Pl NW,42,38.923583,-77.050046
281,31636,19,New Jersey Ave & N St NW/Dunbar HS,42,38.90733256111448,-77.01536044478416
282,31710,11,Nannie Helen Burroughs Ave & 49th St NE,42,38.898536,-76.931862
283,31711,15,Deanwood Rec Center,42,38.908473,-76.933099
284,31273,17,Hains Point/Buckeye & Ohio Dr SW,42,38.878433,-77.03023
285,31070,11,Arlington Blvd & Fillmore St,41,38.873755,-77.089233
286,31071,17,Eads St & 12th St S,41,38.86307336639078,-77.05454081296921
287,32039,19,Old Georgetown Rd & Southwick St,44,38.999634,-77.109647
288,32040,19,Friendship Blvd & Willard Ave,44,38.96115,-77.088659
289,31637,19,North Capitol St & G Pl NE,42,38.899703,-77.008911
290,31072,11,31st St & S Woodrow St,41,38.8378458,-77.0934784
291,31073,15,Washington Blvd & Walter Reed Dr ,41,38.873219,-77.082104
292,31074,15,TJ Cmty Ctr / 2nd St & S Old Glebe Rd,41,38.869418,-77.095596
293,31313,15,Connecticut Ave & Tilden St NW,42,38.94113915653008,-77.061977237463
294,32041,15,Medical Center Dr & Key West Ave,43,39.103091,-77.196442
295,32042,19,Shady Grove Hospital,43,39.097636,-77.196636
296,32043,11,Veterans Pl & Pershing Dr ,44,38.997445,-77.023894
297,31638,15,1st & H St NW,42,38.900358,-77.012108
298,31515,19,Fort Totten Metro,42,38.952369,-77.002721
299,31408,19,Takoma Metro,42,38.975219,-77.016855
300,31516,19,Rhode Island Ave Metro,42,38.920682,-76.995876
301,31075,11,Rolfe St & 9th St S,41,38.866471,-77.076131
302,31076,15,S Randolph St & Campbell Ave,41,38.84065400672152,-77.08865851163864
303,32045,19,Shady Grove Metro West,43,39.119765,-77.166093
304,32046,19,River Rd & Landy Ln,44,38.964992,-77.103381
305,32047,19,Rockville Metro West,43,39.084379,-77.146866
306,32048,12,Bethesda Metro / Wisconsin Ave & Old Georgetown Rd,44,38.984691,-77.094537
307,31077,19,Iwo Jima Memorial / Meade & 14th St N,41,38.889920000000004,-77.071301
308,31314,19,34th & Water St NW,42,38.9037315,-77.0675285
309,31081,15,Duke St & John Carlyle St,40,38.804378,-77.060866
310,31079,15,Langston Blvd & N Cleveland St,41,38.894941,-77.09169
311,31078,15,Arlington Blvd & S George Mason Dr,41,38.869442,-77.104503
312,31274,23,10th & G St NW,42,38.89824328774852,-77.02623546123505
313,31080,15,Langston Blvd & N Scott St,41,38.897612,-77.080851
314,31275,19,New Hampshire Ave & 24th St NW,42,38.901755,-77.051084
315,31082,15,Eisenhower Ave & Mill Race Ln,40,38.801111,-77.068952
316,31083,11,Potomac Greens Dr & Slaters Ln,40,38.82175,-77.047494
317,31084,19,Ballenger Ave & Dulaney St,40,38.802677,-77.063562
318,31085,11,Mount Vernon Ave & E Nelson Ave,40,38.820064,-77.057619
319,31086,15,Mount Vernon Ave & E Del Ray Ave,40,38.82595,-77.058541
320,31087,15,Monroe Ave & Leslie Ave,40,38.820932,-77.053096
321,31088,15,Mount Vernon Ave & Kennedy St,40,38.833077,-77.059821
322,31089,21,Court House Metro / 15th St & N Uhle St,41,38.890612,-77.084801
323,32049,15,WAU / Flower Ave & Division St,44,38.986743,-77.000035
324,31090,15,Long Bridge Park / Long Bridge Dr & 6th St S,41,38.865553,-77.05003
325,31315,19,Connecticut Ave & McKinley St NW,42,38.96454350924588,-77.07513481378555
326,31276,23,15th & L St NW,42,38.903649,-77.034918
327,31277,31,17th & G St NW,42,38.898282949523605,-77.03973233699799
328,32050,15,Spring St & 2nd Ave,44,38.997653,-77.034499
329,31278,19,18th & R St NW,42,38.912648,-77.041834
330,31091,15,Joyce St & 16th St S,41,38.859254,-77.063275
331,31517,23,Union Market,42,38.907908,-76.99707
332,31092,15,Langston Blvd & N Monroe St,41,38.896456,-77.104562
333,31093,15,21st St & N Pierce St,41,38.898984,-77.078317
334,31094,15,Langston Blvd & N Kirkwood Rd,41,38.895377,-77.09713
335,31279,23,19th & G St NW,42,38.898412,-77.043182
336,31522,19,2nd St & Seaton Pl NE,42,38.914751108831155,-77.00356006622314
337,31902,15,Wilson Blvd & N Illinois St ,41,38.876528,-77.12712
338,31095,11,Army Navy Dr & S Nash St,41,38.86215024521491,-77.06812083721161
339,31293,19,Thomas Jefferson St NW & Water/K St NW,42,38.902826,-77.060173
340,31280,23,11th & S St NW,42,38.913761,-77.027025
341,31096,15,Walter Reed Dr & 8th St S,41,38.86612,-77.08787
342,31639,23,2nd & G St NE,42,38.89967,-77.003666
343,31281,19,8th & O St NW,42,38.90864,-77.02277
344,31411,19,Georgia & Missouri Ave NW,42,38.961339,-77.027855
345,31712,19,Oklahoma Ave & D St NE,42,38.894474,-76.974828
346,31640,19,Maryland Ave & E St NE,42,38.8962260397813,-76.99278563261032
347,31518,23,New York Ave & Hecht Ave NE,42,38.915604,-76.983683
348,31316,19,Yuma St & Tenley Circle NW,42,38.946182,-77.08059
349,32051,15,Connecticut Ave & Chevy Chase Lake Dr,44,38.994113,-77.076986
350,32052,15,Key West Ave & Siesta Key Way,43,39.105295,-77.194774
351,31900,19,Langston Blvd & N Woodstock St,41,38.898301,-77.118009
352,31097,15,Saint Asaph St & Madison St,40,38.812718,-77.044097
353,31098,15,King St Metro North / Cameron St,40,38.80704,-77.059817
354,31099,15,Madison St & N Henry St,40,38.813485,-77.049468
355,32053,19,Medical Center Metro ,44,38.999378,-77.097882
356,31901,11,Washington Blvd & N Frederick St,41,38.884829,-77.127671
357,31317,19,Wisconsin Ave & Ingomar St NW,42,38.958267,-77.084636
358,31122,19,16th & Irving St NW,42,38.928893,-77.03625
359,31282,19,16th & R St NW,42,38.912652,-77.036278
360,32054,15,Lyttonsville Rd & Lyttonsville Pl,44,38.999679,-77.051168
361,32055,11,Woodmont Ave & Strathmore St,44,38.979875,-77.093522
362,31283,19,14th & L St NW,42,38.903658,-77.031737
363,31519,15,1st & O St NW,42,38.908643,-77.012365
364,31811,19,South Capitol & Atlantic St SW,42,38.831516,-77.008133
365,31284,19,18th & C St NW,42,38.893511,-77.041544
366,31285,19,22nd & P ST NW,42,38.909394,-77.048728
367,32056,19,East West Hwy & 16th St,44,38.995681,-77.038721
368,31903,15,Royal St & Wilkes St,40,38.799267,-77.0447
369,31123,23,14th & Girard St NW,42,38.925284,-77.032375
370,31910,19,Potomac Ave & Main Line Blvd,40,38.822738,-77.049265
371,31286,19,11th & O St NW,42,38.90843,-77.02714
372,31287,23,10th St & L'Enfant Plaza SW,42,38.88432272414662,-77.02601015567778
373,31318,19,Connecticut Ave & Yuma St NW,42,38.947156,-77.065115
374,31641,23,2nd St & Massachusetts Ave NE,42,38.894972,-77.003135
375,31908,23,Radford St & Osage St,40,38.828437,-77.086031
376,31904,19,East Falls Church Metro / Sycamore St & 19th St N,41,38.88532071975074,-77.15642720460892
377,31905,15,Kennebec St & 11th St N,41,38.880992,-77.135271
378,31906,15,Commonwealth Ave & Oak St,40,38.812711,-77.061715
379,31913,15,Commonwealth Ave & E Monroe Ave,40,38.82005823354218,-77.06282079219818
380,31288,31,4th St & Madison Dr NW,42,38.8904955,-77.0172465
381,31289,19,Henry Bacon Dr & Lincoln Memorial Circle NW,42,38.890539,-77.049383
382,31290,19,17th St & Independence Ave SW,42,38.888097,-77.038325
383,31907,19,Franklin St & S Washington St,40,38.798133,-77.0487
384,31909,15,Mount Vernon Ave & Four Mile Run Park,40,38.843422,-77.064016
385,31642,23,New Jersey Ave & K St NW,42,38.90257109172293,-77.01366662979126
386,31912,15,Mount Vernon Ave & Bruce St,40,38.841291,-77.063093
387,31914,15,Lee Center,40,38.797557,-77.053766
388,31915,15,Powhatan St & Bashford Ln,40,38.818748,-77.047783
389,31916,19,Potomac Ave & Swann Ave,40,38.829545,-77.047844
390,31124,31,14th & Irving St NW,42,38.928552,-77.032224
391,31291,25,Vermont Ave & I St NW,42,38.901136451737045,-77.03445106744766
392,31319,25,Wisconsin Ave & Brandywine St NW,42,38.949813,-77.080217
393,31520,19,24th & R St NE / National Arboretum,42,38.91263,-76.971923
394,31713,15,Division Ave & Foote St NE,42,38.897407,-76.925907
395,31812,23,16th & Q St SE / Anacostia HS,42,38.870695,-76.982359
396,32200,15,Spring Hill Metro,104,38.929261,-77.240654
397,32201,11,Westpark Dr & Leesburg Pike,104,38.92403,-77.235955
398,32203,11,Tysons One Pl & Chain Bridge Rd,104,38.919475,-77.221179
399,32204,11,Tysons Corner Station,104,38.920939,-77.222115
400,32205,11,Westpark & Jones Branch Dr,104,38.924437,-77.217664
401,32206,13,Jones Branch & Westbranch Dr,104,38.931911,-77.219261
402,32207,11,Westpark & Park Run Dr,104,38.928919,-77.225394
403,32208,11,Tysons West Transit Center,104,38.932636,-77.231825
404,32209,11,North Shore & Cameron Crescent Dr/Crescent Apartments,104,38.970045999999996,-77.338686
405,32210,15,Town Center Pkwy & Bowman Towne Dr,104,38.962524,-77.361902
406,32211,15,Reston Regional Library,104,38.962095,-77.358815
407,32212,15,New Dominion Pkwy & Fountain Dr,104,38.960574,-77.356324
408,32213,15,Sunset Hills & Old Reston Ave,104,38.955079,-77.351649
409,32214,17,Reston Town Center Transit Station,104,38.957037,-77.359718
410,31643,19,1st & D St SE,42,38.884916,-77.005965
411,32215,19,Wiehle-Reston Metro South,104,38.946607921214984,-77.3393914103508
412,32216,19,Library St & Freedom Dr,104,38.959633,-77.358741
413,32217,15,Sunset Hills Rd & Discovery Square,104,38.95534,-77.357611
414,31292,23,22nd St & Constitution Ave NW,42,38.892441,-77.048947
415,31714,19,61st St & Banks Pl NE,42,38.891805,-76.913563
416,32218,15,Temporary Rd & Old Reston Ave,104,38.960084,-77.353414
417,32219,15,Reston YMCA,104,38.955314,-77.368416
418,32220,11,Sunset Hills Rd & Isaac Newton Square,104,38.951443,-77.340377
419,31917,15,N Lynn St & Fairfax Dr,41,38.893860000000004,-77.070862
420,31414,15,Georgia Ave & Piney Branch Rd NW,42,38.967505,-77.027976
421,32221,11,Greensboro & International Dr,104,38.923083,-77.227417
422,31918,15,Madison St & Fairfax St,40,38.812351,-77.040691
423,32058,15,Sligo Ave & Carroll Ln,44,38.990874,-77.016311
424,31125,19,15th & W St NW,42,38.9190185,-77.034449
425,31644,19,12th St & Pennsylvania Ave SE,42,38.882489,-76.990121
426,31412,15,3rd St & Riggs Rd NE,42,38.957463,-77.002239
427,31919,15,Carlin Springs Rd & N Thomas St,41,38.876695,-77.112982
428,32222,11,Towers Crescent Dr & Tysons One Pl,104,38.915246,-77.220157
429,31645,19,6th & K St NE,42,38.90293157359119,-76.99840486049652
430,32057,15,Pooks Hill Rd & Linden Ave,44,39.014716,-77.107143
431,32059,15,Takoma Park Rec Center,44,38.98265,-76.988311
432,32061,15,New Hampshire & Kirklynn Ave,44,38.988101,-76.988422
433,32062,19,Wheaton Metro / Georgia Ave & Reedie Dr,44,39.038423828518326,-77.05102041363716
434,32063,15,Amherst Ave & Elkins St,44,39.044887,-77.047788
435,32064,15,Amherst Ave & Prichard Rd,44,39.035965,-77.048395
436,32065,15,Grandview & Blueridge Ave,44,39.043272,-77.053085
437,32066,15,Windham Ln & Amherst Ave,44,39.032029,-77.04735
438,32223,11,North Shore Dr & Village Rd,104,38.970412,-77.340787
439,32224,11,Town Center Pkwy & Sunset Hills Rd,104,38.955170598044894,-77.3630940914154
440,31413,19,3rd & Underwood St NW,42,38.968834,-77.016258
441,31521,19,18th & Monroe St NE,42,38.93293,-76.979517
442,31294,19,7th & E St SW,42,38.88345,-77.021741
443,32067,19,Shady Grove Metro East,43,39.121327,-77.164969
444,31295,19,Potomac & M St NW,42,38.905509,-77.065246
445,31296,23,Columbia & Ontario Rd NW,42,38.924088,-77.040787
446,31920,15,Washington-Liberty High School / N Stafford St & Generals Way,41,38.888282,-77.111066
447,31921,15,Westover Library / Washington Blvd & N McKinley Rd,41,38.886048,-77.142317
448,31923,15,Columbia Pike & George Mason Dr,41,38.859305619982344,-77.10201859474182
449,32068,11,Columbus Ave & Tribeca St,43,39.12582811177034,-77.16705948114395
450,32069,11,Columbus Ave & Gramercy Blvd,43,39.12333,-77.16486
451,32225,15,Reston Pkwy & Spectrum Dr,104,38.964207741006206,-77.35428035259247
452,32070,11,Key West Ave & Great Seneca Hwy,43,39.105642,-77.20386
453,31297,19,Virginia Ave & 25th St NW,42,38.89846038350939,-77.05305218696594
454,31298,19,15th & M St NW,42,38.905424,-77.034674
455,31126,19,11th & Girard St NW,42,38.925636,-77.027112
456,31299,19,Connecticut Ave & R St NW,42,38.912644,-77.04564
457,31924,15,Wilson Blvd & N Troy St,41,38.892556,-77.082089
458,31320,19,American University East Campus,42,38.936298,-77.087128
459,31321,19,15th St & Constitution Ave NW,42,38.892244,-77.033234
460,31128,19,23rd & M St NW,42,38.905303,-77.050264
461,32071,15,Corporate Blvd & Omega Dr,43,39.106971,-77.192645
462,32072,11,Key West Ave & Diamondback Dr,43,39.106152,-77.202354
463,31813,19,Alabama Ave & Stanton Rd SE / Shops at Park Village,42,38.84627,-76.98185
464,31814,19,Mississippi Ave & 19th St SE / THEARC,42,38.84377,-76.97557
465,31815,11,19th & Savannah St SE,42,38.84623,-76.97703
466,31816,19,4th St & Mississippi Ave SE,42,38.836,-77.0009
467,31817,19,1st & S Capitol St SE / Oxon Run Trail,42,38.824481,-77.005497
468,31818,15,Livingston Rd & 3rd St SE,42,38.82373,-77.00223
469,31819,19,Joliet St & MLK Ave SW/Bald Eagle Rec Ctr,42,38.81909,-77.01033
470,31715,15,37th & Ely Pl SE,42,38.883011,-76.949709
471,31129,19,15th St & Pennsylvania Ave NW,42,38.89646474748647,-77.0333808660507
472,31646,15,Maine Ave & 9th St SW,42,38.88044,-77.025236
473,31523,19,Lincoln Rd & Seaton Pl NE/Harry Thomas Rec Center,42,38.915,-77.0078
474,32073,15,Blueridge Ave & Elkin St,44,39.04313,-77.05006
475,31415,19,Georgia Ave & Kennedy St NW,42,38.95674,-77.02791
476,31647,19,7th St & Massachusetts Ave NE,42,38.89222,-76.99602
477,31820,19,Anacostia Park,42,38.87335,-76.9834
478,32074,14,Twinbrook Metro,43,39.062041,-77.120776
479,32075,25,North Bethesda Metro,43,39.04753,-77.11287
480,32076,15,Citadel Ave & McGrath Blvd,43,39.049,-77.10933
481,32077,15,Rockville Pike & Old Georgetown Rd,43,39.049765,-77.11368
482,32078,16,Woodglen Dr & Executive Blvd,43,39.04317,-77.1135
483,32079,15,Executive Blvd & E Jefferson St,43,39.04873,-77.1257
484,32080,15,Fishers Ln & Rock Creek Mill Rd,43,39.0629,-77.113454
485,32081,15,Congressional Ln & E Jefferson St,43,39.06219,-77.129235
486,32082,15,Garland Ave & Walden Rd,44,39.00048,-77.00077
487,32227,13,Greensboro & Pinnacle Dr,104,38.92245,-77.23034
488,32400,15,1301 McCormick Dr / Wayne K. Curry Admin Bldg,133,38.908391,-76.843263
489,32401,17,Largo Town Center Metro,133,38.899811,-76.844604
490,32402,17,Baltimore Ave & Van Buren St / Riverdale Park Station,133,38.969581,-76.937349
491,32403,15,Baltimore Ave & Jefferson St,133,38.95548,-76.940133
492,32404,15,Perry & 35th St,133,38.936213,-76.960054
493,31648,23,Potomac Ave & Half St SW,42,38.86968314861632,-77.01081544160843
494,32405,15,Largo Rd & Campus Way / Prince Georges's Comm Col,133,38.88994,-76.825535
495,31822,19,Stanton Square SE,42,38.855004,-76.984512
496,31649,19,14th & Newton St NW,42,38.931991,-77.032956
497,31322,19,48th Pl & MacArthur Blvd NW,42,38.9170363119413,-77.0957824587822
498,31416,19,14th St & Luzon Ave NW,42,38.969489,-77.033509
499,31650,19,1st & M St SE,42,38.876893,-77.006072
500,32406,15,Fleet St & Waterfront St,133,38.782633,-77.016059
501,32407,15,Oxon Hill Park & Ride,133,38.798749,-77.00103
502,31651,19,11th & Park Rd NW,42,38.93132185874559,-77.02824711799622
503,31652,19,4th & M St SE,42,38.876751,-77.000736
504,31417,19,Kansas Ave & Sherman Cr NW,42,38.94796174822241,-77.02154964208603
505,32228,11,Campus Commons,104,38.944707,-77.335425
506,32229,11,Park Run & Onyx Dr,104,38.92755,-77.226644
507,31653,19,7th & K St NW,42,38.902674,-77.021392
508,31654,19,King Greenleaf Rec Center,42,38.876211,-77.012443
509,31524,19,Montello Ave & Holbrook Terr NE,42,38.907444,-76.986813
510,31655,33,New Jersey Ave & F St NW,42,38.897108,-77.011616
511,31656,19,Maryland Ave & 17th St NE,42,38.901935,-76.978627
512,31657,19,Massachusetts Ave & 6th St NE,42,38.892934,-76.998273
513,31323,23,Woodley Park Metro / Calvert St & Connecticut Ave NW,42,38.923389,-77.051833
514,32230,19,McLean Metro,104,38.92400207520182,-77.20812678337097
515,31525,19,Trinidad Rec Center,42,38.906299,-76.983221
516,31658,19,Rosedale Rec Center,42,38.897808,-76.979634
517,31659,19,11th & C St SE,42,38.885908,-76.991476
518,31418,19,New Hampshire & Gallatin St NW,42,38.951596,-77.012808
519,31823,19,United Medical Center,42,38.835737,-76.983144
520,31324,19,18th & New Hampshire Ave NW,42,38.911268,-77.041829
521,32231,19,Dunn Loring Metro,104,38.8828,-77.2283
522,32408,15,Oglethorpe St & 42nd Ave,133,38.959361,-76.946361
523,32409,15,Southern Ave Metro,133,38.840107,-76.9753
524,32410,15,Queens Chapel & Hamilton St,133,38.9546,-76.9595
525,32411,15,Northwestern High School,133,38.975505,-76.952199
526,32412,15,New Hampshire Ave & East-West Hwy,133,38.974205,-76.995227
527,32413,15,Rhode Island Ave & 39th St / Brentwood Arts Exchange,133,38.939271,-76.955047
528,32414,17,Riggs Rd & East West Hwy,133,38.9725,-76.9807
529,32415,15,Tanger Outlets,133,38.7968,-77.0026
530,32416,15,Chillum Rd & Riggs Rd / Riggs Plaza,133,38.961737,-76.995922
531,32417,15,Hyattsville Library / Adelphi Rd & Toledo Rd,133,38.9698,-76.9493
532,32600,12,Meridian High School / Haycock Rd & Leesburg Pike,152,38.89641882214797,-77.19268798828125
533,32601,12,Eden Center,152,38.873807718517654,-77.15284913778305
534,32602,12,N Oak St & W Broad St,152,38.88837,-77.179832
535,32603,12,Pennsylvania Ave & Park Ave,152,38.887403,-77.176992
536,32604,12,E Fairfax St & S Washington St,152,38.880612,-77.171891
537,32606,12,N Roosevelt St & Roosevelt Blvd,152,38.878085,-77.153953
538,32605,12,W Broad St & Little Falls St,152,38.883601,-77.173438
539,32607,12,S Maple Ave & S Washington St,152,38.87972,-77.178408
540,32608,12,Falls Church City Hall / Park Ave & Little Falls St,152,38.885434,-77.173605
541,32609,12,W Columbia St & N Washington St,152,38.885621,-77.166917
542,32232,19,West Falls Church Metro,104,38.9001,-77.1887
543,32233,11,Jones Branch Drive & Scotts Crossing Rd,104,38.928502,-77.215624
544,31419,19,Georgia Ave & Morton St NW,42,38.932128,-77.0235
545,32234,11,Merrilee Dr & Lauren Elizabeth Lane,104,38.879355,-77.230681
546,32235,11,Merrifield Cinema & Merrifield Town Center,104,38.870093,-77.22997
547,31526,19,Rhode Island & Montana Ave NE,42,38.9243,-76.9859
548,31130,19,7th & S St NW,42,38.914173639930105,-77.02159523963928
549,31527,15,North Capitol & R St NE,42,38.912524,-77.008798
550,31420,19,17th & Upshur St NW,42,38.942146,-77.038684
551,31421,19,Grant Circle,42,38.942024743273045,-77.01822102069855
552,31131,27,14th & Otis Pl NW,42,38.934405,-77.032687
553,31528,19,John McCormack Rd NE,42,38.938889,-76.997226
554,32418,17,West Hyattsville Metro,133,38.955349,-76.968084
555,32419,19,Capitol Heights Metro,133,38.888524,-76.913188
556,32420,17,Prince George's Plaza Metro,133,38.965742,-76.954803
557,32421,17,Riverdale Park Town Center,133,38.962119,-76.935578
558,32422,17,The Mall at Prince Georges,133,38.968842,-76.954171
559,32084,11,Wheaton Library & Community Rec Center,44,39.0473228,-77.0510969
560,31529,15,Edgewood Rec Center,42,38.924144,-77.002098
561,31660,15,8th & K St NE,42,38.90273216425078,-76.99514991079923
562,31716,19,Kingman Island/The Fields at RFK,42,38.89595455700754,-76.9678448436025
563,31717,19,Kenilworth Terr & Hayes St. NE,42,38.90046848783359,-76.9472873210907
564,32423,15,National Harbor Carousel,133,38.7859,-77.0167
565,31824,19,Valley Ave & Wheeler Rd SE,42,38.83664578175751,-76.99358886515256
566,31718,19,Ridge Rd Community Center,42,38.876227445751475,-76.94098126958124
567,31825,19,Fort Stanton Rec Center,42,38.85736903758752,-76.97768801437633
568,31325,19,Reservoir Rd & 38th St NW,42,38.91261359469192,-77.07432264076488
569,31127,17,22nd & H St NW,42,38.89892546716842,-77.04885238395946
570,31661,19,8th & H St NE,42,38.899941626884754,-76.99489653110504
571,31326,17,Hardy Rec Center,42,38.90970086204467,-77.08564639091492
572,32085,19,The Shoppes @ Burnt Mills,44,39.0313141,-77.0041217
573,32086,19,Briggs Chaney & Castle Dr,44,39.081638,-76.945495
574,32087,15,White Oak Rec Center,44,39.0461435,-76.9757228
575,32088,23,Briggs Chaney Park & Ride,44,39.0778751,-76.9418666
576,32090,19,Stewart & April,44,39.0449444,-76.9811552
577,32091,19,Stewart Ln & Old Columbia Pike,44,39.0456521,-76.9854381
578,32089,19,New Hampshire & Lockwood,44,39.0391022,-76.9918237
579,32092,19,Castle Blvd & Castle Ln,44,39.085314,-76.940547
580,32094,19,Oak Leaf & Lockwood,44,39.0379809,-76.9945391
581,32093,19,White Oak Transit Center,44,39.04104,-76.987125
582,31926,12,Wilson Blvd. & N. Vermont St.,41,38.87947660895433,-77.11456328630447
583,31719,19,Oklahoma Ave & Benning Rd NE,42,38.8974996,-76.9695094
584,31826,19,Minnesota Ave & R St SE,42,38.8693365,-76.978519
585,32236,11,Vy Reston Heights,104,38.949008,-77.355299
586,31662,17,1st & K St NE,42,38.902386,-77.005649
587,31927,12,Wheeler Ave & S. Floyd St.,40,38.808161,-77.100796
588,31928,19,N. Beauregard St. & Berkley St.,40,38.84154815912996,-77.10773438215256
589,31929,15,Mt Vernon Trail & S. Washington St.,40,38.7930647,-77.049436
590,31930,15,Eisenhower Ave & Ike Dr,40,38.802738,-77.0824626
591,31530,19,Capitol Ave & Kendall St NE,42,38.910993,-76.985854
592,31663,19,14th & D St SE,42,38.8840581,-76.9863852
593,31664,15,Half & Water St SW,42,38.866277,-77.010551
594,31327,19,14th & Q St NW,42,38.910674,-77.03188
595,31132,19,13th & U St NW,42,38.91693645323652,-77.0296311378479
596,31665,19,Stadium Armory Metro,42,38.88548252734069,-76.97718724608421
597,31422,19,Broad Branch Rd & Northampton St NW,42,38.96577499342219,-77.06862643361092
598,31931,15,N Pitt St & Montgomery St,40,38.81403111409755,-77.04281687736511
599,31932,19,Van Dorn Metro,40,38.8000766,-77.1299434
600,31933,11,Duke St & Strand (Robinson Terminal),40,38.801947,-77.040293
601,31328,19,21st St & G st NW,42,38.89830173667249,-77.04691261053085
602,31666,19,4th & G St SW,42,38.881116725009335,-77.01769933104515
603,31423,19,Kansas Ave & Longfellow St NW,42,38.958098,-77.013821
604,31935,19,National Airport,41,38.852903,-77.045916
605,31936,15,Fern St & Army Navy Dr,41,38.864838,-77.056873
606,31937,15,Arlington Blvd & Ft Myer Dr,41,38.890863,-77.074893
607,31938,15,23rd St S & Hayes St,41,38.853002,-77.059496
608,31939,17,Wilson Blvd & N Oak St,41,38.895068,-77.07386
609,31940,16,Arlington Blvd & Fairfax Dr,41,38.88625606692058,-77.08426237106323
610,31667,19,2nd & V St SW / James Creek Marina,42,38.863743,-77.013814
611,31668,19,1st St & Potomac Ave SE,42,38.871841,-77.00591
612,31133,19,20th & Columbia Rd NW,42,38.918036,-77.045487
613,31669,23,3rd & M St SE,42,38.876823,-77.002161
614,31671,19,53rd & D St SE/C.W. Harris Elementary,42,38.883318,-76.925315
615,31941,11,N Hampton Dr & Ford Ave,40,38.837306,-77.106111
616,31942,15,Whiting & Lane Dr,40,38.809709,-77.135788
617,31943,15,N Howard St & Taney Ave,40,38.815842,-77.110014
618,31720,19,Anacostia Roller Skating Pavilion,42,38.878771,-76.97093
619,31944,12,S Clark St & 33rd St,41,38.845028,-77.051956
620,31945,15,Columbia Pike & S Greenbrier St,41,38.854019,-77.118106
621,31946,11,Kenmore Ave & Seminary Rd,40,38.828887,-77.110588
622,31947,21,Rosslyn Metro / Wilson Blvd & N Moore St,41,38.896086906318665,-77.07145214080809
623,31948,15,W&OD Trail & Langston Blvd,41,38.88715,-77.16212
624,32424,15,Roosevelt Center & Crescent Rd,133,39.00031,-76.878005
625,32425,15,Crescent Rd & Ridge Rd,133,39.006191,-76.891247
626,32426,11,Greenbelt Station Parkway,133,39.002459,-76.916243
627,32237,12,Baron Cameron Ave & North Hampton Ave,104,38.966344,-77.359341
628,32238,12,Ridge Heights Rd & Seahawks Dr,104,38.936061,-77.337775
629,32239,12,Becontree Ln & Goldenrain Ct,104,38.966848,-77.329282
630,32240,12,Ring Rd & North Shore Dr,104,38.970807,-77.326761
631,32241,12,Reston Pkwy & Bennington Woods Rd,104,38.973625,-77.351837
632,32242,12,Inlet Ct & Wiehle Dr,104,38.965979,-77.334359
633,32243,12,Fairway Dr & Hook Rd,104,38.963314,-77.342546
634,32244,12,Vantage Hill Rd & Wainwright Dr,104,38.9667,-77.348487
635,32245,12,Links Dr & Wedge Dr,104,38.959025,-77.339295
636,32246,12,Golf Course Sq and Golf Course Dr,104,38.944013,-77.353552
637,32247,12,South Lakes Dr and Reston Pkwy,104,38.94335,-77.362304
638,32248,12,Olde Crafts Dr and Cartwright Pl,104,38.938797,-77.354067
639,32249,12,Green Range Dr and Glade Dr,104,38.93714618600706,-77.36786842346191
640,32250,12,South Gate Community Center,104,38.941496,-77.366499
641,32251,12,Lake Newport Rd and Autumn Ridge Cir,104,38.97850255151454,-77.35345423221588
642,32252,12,Ridge Heights and Owl Cove Ln,104,38.933923,-77.331653
643,32253,12,Soapstone Dr Convenience Center,104,38.93051,-77.345874
644,31949,11,Columbia Pike & S Scott St/12th St S,41,38.863556,-77.077201
645,31827,19,St. Elizabeths West Campus/DHSÂ ,42,38.853124,-77.005174
646,31950,12,Long Bridge Aquatic Center,41,38.87056104566178,-77.04409494996071
647,31951,12,8th Rd & S Frederick St,41,38.857049,-77.116339
648,31531,19,MBT & Bryant St NE,42,38.92240364115446,-76.9960230588913
649,31952,15,N Howard St & N Imboden St,40,38.818509,-77.105564
650,32255,11,Hartland Rd & Harte Pl,104,38.878601,-77.222808
651,32256,12,North Village and Park Garden,104,38.983199,-77.341823
652,31134,19,8th & V St NW,42,38.917716,-77.022684
653,31330,19,17th & P St NW,42,38.909858,-77.038566
654,31331,19,Arizona Ave & MacArthur Blvd NW,42,38.927294,-77.103662
655,31332,19,11th & V St NW,42,38.918199,-77.027171
656,31532,19,4th & Florida Ave NE,42,38.90731645057457,-77.00069814920425
657,31953,15,S Pickett St & Shillings St,40,38.804486,-77.132334
658,31954,15,S Jordan St & Venable St,40,38.811361,-77.109975
659,31955,16,King St & Peyton St,40,38.806002,-77.055911
660,31672,19,10th & H St NE,42,38.899984,-76.992725
661,31956,11,Reed & Edison,40,38.83728,-77.060899
662,31957,16,King St & Kenwood Ave,40,38.824793,-77.085066
663,31958,12,S Washington St & Wilkes St,40,38.800703,-77.048043
664,31959,19,Main Line Blvd & E Glebe,40,38.832431,-77.049772
665,31960,16,Commonwealth and Reed,40,38.8368376462948,-77.05727398395538
666,31961,11,Fillmore & Bisdorf,40,38.83863,-77.116206
667,31962,15,King St & W Braddock Rd,40,38.827674,-77.088985
668,31963,15,Holmes Run Pkwy & N Pickett St,40,38.814305,-77.11893
669,31964,11,Virginia Theological Seminary,40,38.820152,-77.093879
670,31966,16,Duke St & Jordan St,40,38.812187,-77.10994
671,31967,15,S Reynolds St & Edsall Rd,40,38.809607,-77.128908
672,31968,15,King St & N Pitt St,40,38.8048011316311,-77.04467564821243
673,31969,19,Braddock Rd Metro South,40,38.813474,-77.053734
674,31135,19,16th & Harvard St NW,42,38.926102,-77.03665
675,31970,16,First St & Fayette St,40,38.817019,-77.050105
676,31971,15,Penrose Sq/Columbia Pike & S Barton St,41,38.863508,-77.084259
677,31972,15,S Wakefield St & 28th Rd S,41,38.84404,-77.098093
678,31973,15,N Pershing Dr & Quebec St,41,38.874248,-77.104784
679,31049,11,Fairfax Dr & N Taylor St,41,38.882425,-77.112754
680,31673,19,Waterfront Park,,38.874820772513424,-77.0207878947258
681,31674,19,Maine Ave & Water St SW,42,38.87674677186661,-77.02094480395317
682,31533,19,Tanner Park,42,38.911213594521456,-77.0022565126419
683,31333,23,Wisconsin Ave & Rodman St NW,42,38.939674172021654,-77.07527697086334
684,31675,19,North Capitol & K St NE,42,38.90244372501735,-77.00824588537216
685,31534,15,7th & Monroe St NE,42,38.932242581555066,-76.9961330294609
686,31535,19,10th St & Rhode Island Ave NE,42,38.92248919793601,-76.99267029762268
687,31136,19,11th & Clifton St NW,42,38.9223243445331,-77.02708572149277
688,31676,15,1st & Q St SW,,38.870823939537914,-77.01191514730453
689,31424,19,9th & Ingraham St NW,42,38.95366314394005,-77.02561318874359
690,31974,12,Mandeville Ln & Stovall St,,38.802893,-77.072558
691,31137,19,Park Pl & Rock Creek Church Rd NW,42,38.93713516763736,-77.01912492513657
692,31828,19,New Jersey Ave & H St SE,,38.880760725950644,-77.00574070215225
693,31721,19,Anacostia Ave & East Capitol St NE,,38.890461,-76.96128
694,31138,15,4th & College St NW,,38.92123296360907,-77.01813519001007
695,31536,19,5th & Morse St NE,42,38.907286773254675,-76.99916660785675
696,31976,15,Virginia Hospital Center,41,38.88791377249907,-77.12801456451415
